participant,age_group,frame,timestamp,true_location,humna_class,human_score_blinks_removed,l2cs_score,l2cs_class,l2cs_norm
EX01,adult,0.0,0.0,0.0,Centre,0,0.08357586,right,0.0907505218330441
EX01,adult,1.004651163,0.033153488,0.0,Centre,0,0.100080006,right,0.10867148468401974
EX01,adult,2.009302326,0.066306977,0.0,Centre,0,0.12023081,right,0.1305521557007028
EX01,adult,3.013953488,0.099460465,0.0,Centre,0,0.14430206,right,0.156689824872112
EX01,adult,4.018604651,0.132613953,0.0,Centre,0,0.14765897,right,0.16033492196499824
EX01,adult,5.023255814,0.165767442,0.0,Centre,0,0.10231199,right,0.11109507726546347
EX01,adult,6.027906977,0.19892093,0.0,Centre,0,0.11612102,right,0.12608955361148075
EX01,adult,7.03255814,0.232074419,0.0,Centre,0,0.06610099,right,0.07177550509768962
EX01,adult,8.037209302,0.265227907,0.0,Centre,0,0.062535815,right,0.06790427118348323
EX01,adult,9.041860465,0.298381395,0.0,Centre,0,0.06953673,right,0.0755061882464125
EX01,adult,10.04651163,0.331534884,0.0,Centre,0,0.07103636,right,0.07713455619807437
EX01,adult,11.05116279,0.364688372,0.0,Centre,0,0.05350291,right,0.058095926346447696
EX01,adult,12.05581395,0.39784186,0.0,Centre,0,0.062577896,right,0.06794996454234185
EX01,adult,13.06046512,0.430995349,0.0,Centre,0,0.074054785,right,0.08041210005447606
EX01,adult,14.06511628,0.464148837,0.0,Centre,0,0.10344064,right,0.112320618778689
EX01,adult,15.06976744,0.497302326,0.0,Centre,0,0.10988788,right,0.119321330002939
EX01,adult,16.0744186,0.530455814,0.0,Centre,0,0.09672281,right,0.10502608825432794
EX01,adult,17.07906977,0.563609302,0.0,Centre,0,0.09656729,right,0.10485721375489189
EX01,adult,18.08372093,0.596762791,0.0,Centre,0,0.09966827,right,0.10822440493946504
EX01,adult,19.08837209,0.629916279,0.0,Centre,0,0.084354565,right,0.0915960754970787
EX01,adult,20.09302326,0.663069767,0.0,Centre,0,0.07187606,right,0.0780463361077918
EX01,adult,21.09767442,0.696223256,0.0,Centre,0,0.08839352,right,0.09598175611745731
EX01,adult,22.10232558,0.729376744,0.0,Centre,0,0.08733864,right,0.09483632360554516
EX01,adult,23.10697674,0.762530233,0.0,Centre,0,0.078505196,right,0.08524456108260382
EX01,adult,24.11162791,0.795683721,0.0,Centre,0,0.064115606,right,0.06961968142408984
EX01,adult,25.11627907,0.828837209,0.0,Centre,0,0.093822375,right,0.10187666055070335
EX01,adult,26.12093023,0.861990698,0.0,Centre,0,0.105951466,right,0.11504698649385861
EX01,adult,27.1255814,0.895144186,0.0,Centre,0,0.12231633,right,0.13281671144637408
EX01,adult,28.13023256,0.928297674,0.0,Centre,0,0.09673028,right,0.1050341946186297
EX01,adult,29.13488372,0.961451163,0.0,Centre,0,0.101731956,right,0.11046524835602609
EX01,adult,30.13953488,0.994604651,0.0,Centre,0,0.09290012,right,0.10087523331281446
EX01,adult,31.14418605,1.02775814,0.0,Centre,0,0.06632443,right,0.07201812162368308
EX01,adult,32.14883721,1.060911628,0.0,Centre,0,0.08678177,right,0.09423164707795824
EX01,adult,33.15348837,1.094065116,0.0,Centre,0,0.08074811,right,0.08768002196387856
EX01,adult,34.15813953,1.127218605,0.0,Centre,0,0.074793816,right,0.08121457348906269
EX01,adult,35.1627907,1.160372093,0.0,Centre,0,0.067642696,right,0.07344955831802616
EX01,adult,36.16744186,1.193525581,0.0,Centre,0,0.078531824,right,0.08527347539998355
EX01,adult,37.17209302,1.22667907,0.0,Centre,0,0.078474306,right,0.0852110191800139
EX01,adult,38.17674419,1.259832558,0.0,Centre,0,0.08141656,right,0.08840585708605943
EX01,adult,39.18139535,1.292986047,0.0,Centre,0,0.07826312,right,0.08498170291640775
EX01,adult,40.18604651,1.326139535,0.0,Centre,0,0.055438492,right,0.060197671185541375
EX01,adult,41.19069767,1.359293023,0.0,Centre,0,0.06852713,right,0.07440991978226662
EX01,adult,42.19534884,1.392446512,0.0,Centre,0,0.04977102,right,0.05404366647653656
EX01,adult,43.2,1.4256,0.0,Centre,0,0.0538105,right,0.05842992149997447
EX01,adult,44.20465116,1.458753488,0.0,Centre,0,0.04788843,right,0.05199946711576464
EX01,adult,45.20930233,1.491906977,0.0,Centre,0,0.027487818,right,0.029847540321962136
EX01,adult,46.21395349,1.525060465,0.0,Centre,0,0.017678596,right,0.019196234724842814
EX01,adult,47.21860465,1.558213953,0.0,Centre,0,0.018924955,right,0.020549589008947936
EX01,adult,48.22325581,1.591367442,0.0,Centre,0,0.016041286,right,0.01741836826426657
EX01,adult,49.22790698,1.62452093,0.0,Centre,0,0.034307376,right,0.03725253017266459
EX01,adult,50.23255814,1.657674419,0.0,Centre,0,0.019410983,right,0.021077340022599443
EX01,adult,51.2372093,1.690827907,0.0,Centre,0,0.03673378,right,0.03988723205877124
EX01,adult,52.24186047,1.723981395,0.0,Centre,0,0.046342198,right,0.05032049506359629
EX01,adult,53.24651163,1.757134884,0.0,Centre,0,0.029929938,right,0.03249930642853135
EX01,adult,54.25116279,1.790288372,0.0,Centre,0,0.03982438,right,0.043243149572032506
EX01,adult,55.25581395,1.82344186,0.0,Centre,0,0.039460592,right,0.04284813016109239
EX01,adult,56.26046512,1.856595349,0.0,Centre,0,0.040285107,right,0.04374342632104452
EX01,adult,57.26511628,1.889748837,0.0,Centre,0,0.045020208,right,0.04888501732237823
EX01,adult,58.26976744,1.922902326,0.0,Centre,0,0.048281245,right,0.05242600183821923
EX01,adult,59.2744186,1.956055814,0.0,Centre,0,0.046238866,right,0.05020829230261715
EX01,adult,60.27906977,1.989209302,0.0,Centre,0,0.023592943,right,0.02561830565595114
EX01,adult,61.28372093,2.022362791,0.0,Centre,0,0.041880604,right,0.04547589066938376
EX01,adult,62.28837209,2.055516279,0.0,Centre,0,0.049528673,right,0.05378051706371887
EX01,adult,63.29302326,2.088669767,0.0,Centre,0,0.08190073,right,0.08893158959881943
EX01,adult,64.29767442,2.121823256,0.0,Centre,0,0.073681675,right,0.08000695982343464
EX01,adult,65.30232558,2.154976744,0.0,Centre,0,0.07540262,right,0.08187563859866882
EX01,adult,66.30697674,2.188130233,0.0,Centre,0,0.04460049,right,0.04842926894573836
EX01,adult,67.31162791,2.221283721,0.0,Centre,0,0.03311108,right,0.03595353787950325
EX01,adult,68.31627907,2.254437209,0.0,Centre,0,0.026086727,right,0.028326171120463938
EX01,adult,69.32093023,2.287590698,0.0,Centre,0,0.05525234,right,0.0599955379399531
EX01,adult,70.3255814,2.320744186,0.0,Centre,0,0.05194709,right,0.05640654627264839
EX01,adult,71.33023256,2.353897674,0.0,Centre,0,0.055390824,right,0.06014591018873234
EX01,adult,72.33488372,2.387051163,0.0,Centre,0,0.05372475,right,0.05833681157307931
EX01,adult,73.33953488,2.420204651,0.0,Centre,0,0.051265318,right,0.05566624590159372
EX01,adult,74.34418605,2.45335814,0.0,Centre,0,0.048129447,right,0.05226117243075013
EX01,adult,75.34883721,2.486511628,0.0,Centre,0,0.038430214,right,0.041729298173954876
EX01,adult,76.35348837,2.519665116,0.0,Centre,0,0.0544201,right,0.05909185225926153
EX01,adult,77.35813953,2.552818605,0.0,Centre,0,0.054290406,right,0.05895102642752428
EX01,adult,78.3627907,2.585972093,0.0,Centre,0,0.02831127,right,0.0307416816081577
EX01,adult,79.36744186,2.619125581,0.0,Centre,0,0.02979012,right,0.03234748603682794
EX01,adult,80.37209302,2.65227907,0.0,Centre,0,0.045597315,right,0.04951166678952959
EX01,adult,81.37674419,2.685432558,0.0,Centre,0,0.043314185,right,0.047032539140471674
EX01,adult,82.38139535,2.718586047,0.0,Centre,0,0.03690236,right,0.04007028460555143
EX01,adult,83.38604651,2.751739535,0.0,Centre,0,0.03725789,right,0.04045633604760083
EX01,adult,84.39069767,2.784893023,0.0,Centre,0,0.03799532,right,0.041257070092641665
EX01,adult,85.39534884,2.818046512,0.0,Centre,0,0.051413924,right,0.05582760866524715
EX01,adult,86.4,2.8512,0.0,Centre,0,0.0638461,right,0.06932703520064919
EX01,adult,87.40465116,2.884353488,0.0,Centre,0,0.06612523,right,0.07180182246602657
EX01,adult,88.40930233,2.917506977,0.0,Centre,0,0.08983376,right,0.09754563721298212
EX01,adult,89.41395349,2.950660465,0.0,Left,-1,0.0726553,right,0.07889247226506964
EX01,adult,90.41860465,2.983813953,0.0,Left,-1,0.08042694,right,0.0873312784050403
EX01,adult,91.42325581,3.016967442,-0.022727273,Left,-1,0.051321246,right,0.05572697486729348
EX01,adult,92.42790698,3.05012093,-0.045454545,Left,-1,0.060256153,right,0.06542890951504654
EX01,adult,93.43255814,3.083274419,-0.068181818,Left,-1,0.065745994,right,0.0713900321037915
EX01,adult,94.4372093,3.116427907,-0.090909091,Left,-1,0.072564214,right,0.0787935697664778
EX01,adult,95.44186047,3.149581395,-0.113636364,Left,-1,0.056257684,right,0.06108718690907274
EX01,adult,96.44651163,3.182734884,-0.136363636,Left,-1,0.03758839,right,0.04081520851672432
EX01,adult,97.45116279,3.215888372,-0.159090909,Left,-1,0.033187516,right,0.03603653507648104
EX01,adult,98.45581395,3.24904186,-0.181818182,Left,-1,0.007838482,right,0.00851138520258759
EX01,adult,99.46046512,3.282195349,-0.204545455,Left,-1,0.0073354114,right,0.007965127893187308
EX01,adult,100.4651163,3.315348837,-0.227272727,Left,-1,0.005098356,right,0.005536029941576575
EX01,adult,101.4697674,3.348502326,-0.25,Left,-1,0.015279888,right,0.016591607086237414
EX01,adult,102.4744186,3.381655814,-0.272727273,Left,-1,0.0194227,right,0.02109006385938147
EX01,adult,103.4790698,3.414809302,-0.295454545,Left,-1,0.033887394,right,0.03679649459449506
EX01,adult,104.4837209,3.447962791,-0.318181818,Left,-1,0.030426884,right,0.03303891360673797
EX01,adult,105.4883721,3.481116279,-0.340909091,Left,-1,0.0069564437,right,0.007553627260664367
EX01,adult,106.4930233,3.514269767,-0.363636364,Left,-1,-0.021653898,left,-0.10857835410864632
EX01,adult,107.4976744,3.547423256,-0.386363636,Left,-1,-0.047798153,left,-0.23967254159626641
EX01,adult,108.5023256,3.580576744,-0.409090909,Left,-1,-0.015346732,left,-0.0769525604970205
EX01,adult,109.5069767,3.613730233,-0.431818182,Left,-1,-0.052100487,left,-0.2612455788217708
EX01,adult,110.5116279,3.646883721,-0.454545455,Left,-1,-0.032216527,left,-0.16154215837256855
EX01,adult,111.5162791,3.680037209,-0.477272727,Left,-1,-0.061795194,left,-0.309857394049565
EX01,adult,112.5209302,3.713190698,-0.5,Left,-1,-0.061752584,left,-0.30964373692475555
EX01,adult,113.5255814,3.746344186,-0.522727273,Left,-1,-0.06810901,left,-0.34151654940493187
EX01,adult,114.5302326,3.779497674,-0.545454545,Left,-1,-0.06985365,left,-0.3502646113043037
EX01,adult,115.5348837,3.812651163,-0.568181818,Left,-1,-0.06614014,left,-0.33164408839987886
EX01,adult,116.5395349,3.845804651,-0.590909091,Left,-1,-0.08117315,left,-0.4070235847727886
EX01,adult,117.544186,3.87895814,-0.613636364,Left,-1,-0.079924665,left,-0.40076334508976774
EX01,adult,118.5488372,3.912111628,-0.636363636,Left,-1,-0.09864642,left,-0.49463914510849216
EX01,adult,119.5534884,3.945265116,-0.659090909,Left,-1,-0.100747116,left,-0.5051726020060532
EX01,adult,120.5581395,3.978418605,-0.681818182,Left,-1,-0.08567496,left,-0.4295968205249517
EX01,adult,121.5627907,4.011572093,-0.704545455,Left,-1,-0.0808083,left,-0.4051941059474836
EX01,adult,122.5674419,4.044725581,-0.727272727,Left,-1,-0.15897395,left,-0.7971372859291224
EX01,adult,123.572093,4.07787907,-0.75,Left,-1,-0.14469941,left,-0.7255609909835125
EX01,adult,124.5767442,4.111032558,-0.772727273,Left,-1,-0.13921036,left,-0.6980374403196511
EX01,adult,125.5813953,4.144186047,-0.795454545,Left,-1,-0.16196041,left,-0.8121121884085984
EX01,adult,126.5860465,4.177339535,-0.818181818,Left,-1,-0.15975133,left,-0.8010352675847211
EX01,adult,127.5906977,4.210493023,-0.840909091,Left,-1,-0.15706553,left,-0.7875679572742537
EX01,adult,128.5953488,4.243646512,-0.863636364,Left,-1,-0.18221721,left,-0.9136851367192651
EX01,adult,129.6,4.2768,-0.886363636,Left,-1,-0.16531307,left,-0.8289232943649736
EX01,adult,130.6046512,4.309953488,-0.886363636,Left,-1,-0.16124669,left,-0.8085334035486584
EX01,adult,131.6093023,4.343106977,-0.909090909,Left,-1,-0.18201987,left,-0.9126956415963934
EX01,adult,132.6139535,4.376260465,-0.931818182,Left,-1,-0.17938176,left,-0.8994674300092659
EX01,adult,133.6186047,4.409413953,-0.954545455,Left,-1,-0.16994324,left,-0.8521402287113782
EX01,adult,134.6232558,4.442567442,-0.977272727,Left,-1,-0.16361503,left,-0.8204089141084909
EX01,adult,135.627907,4.47572093,-1.0,Left,-1,-0.12510626,left,-0.627315773873279
EX01,adult,136.6325581,4.508874419,-1.0,Left,-1,-0.14573564,left,-0.7307569051150913
EX01,adult,137.6372093,4.542027907,-1.0,Left,-1,-0.13338575,left,-0.6688313071086367
EX01,adult,138.6418605,4.575181395,-1.0,Left,-1,-0.16847157,left,-0.8447608949256004
EX01,adult,139.6465116,4.608334884,-1.0,Left,-1,-0.1593649,left,-0.7990975965871048
EX01,adult,140.6511628,4.641488372,-1.0,Left,-1,-0.16914776,left,-0.8481514642592614
EX01,adult,141.655814,4.67464186,-1.0,Left,-1,-0.15519811,left,-0.7782042535214572
EX01,adult,142.6604651,4.707795349,-1.0,Left,-1,-0.1613588,left,-0.8090955844219112
EX01,adult,143.6651163,4.740948837,-1.0,Left,-1,-0.17079465,left,-0.856409411134962
EX01,adult,144.6697674,4.774102326,-1.0,Left,-1,-0.1726783,left,-0.8658545578903961
EX01,adult,145.6744186,4.807255814,-1.0,Left,-1,-0.17908774,left,-0.8979931622248226
EX01,adult,146.6790698,4.840409302,-1.0,Left,-1,-0.14382109,left,-0.7211568672179436
EX01,adult,147.6837209,4.873562791,-1.0,Left,-1,-0.16029914,left,-0.8037821383241406
EX01,adult,148.6883721,4.906716279,-1.0,Left,-1,-0.17106576,left,-0.8577688368138511
EX01,adult,149.6930233,4.939869767,-1.0,Left,-1,-0.16144136,left,-0.8095095240866933
EX01,adult,150.6976744,4.973023256,-1.0,Left,-1,-0.19943108,left,-1.0
EX01,adult,151.7023256,5.006176744,-1.0,Left,-1,-0.19799352,left,-0.9927916965197612
EX01,adult,152.7069767,5.039330233,-1.0,Left,-1,-0.17881076,left,-0.8966042975156223
EX01,adult,153.7116279,5.072483721,-1.0,Left,-1,-0.1742272,left,-0.8736210821712824
EX01,adult,154.7162791,5.105637209,-1.0,Left,-1,-0.17304689,left,-0.867702716303462
EX01,adult,155.7209302,5.138790698,-1.0,Left,-1,-0.14626667,left,-0.7334196429912356
EX01,adult,156.7255814,5.171944186,-1.0,Left,-1,-0.16791818,left,-0.8419860048045394
EX01,adult,157.7302326,5.205097674,-1.0,Left,-1,-0.16537432,left,-0.8292304615061142
EX01,adult,158.7348837,5.238251163,-1.0,Left,-1,-0.14900413,left,-0.7471460018247715
EX01,adult,159.7395349,5.271404651,-1.0,Left,-1,-0.12972951,left,-0.6504979641864483
EX01,adult,160.744186,5.30455814,-1.0,Left,-1,-0.133104,left,-0.6674185325271024
EX01,adult,161.7488372,5.337711628,-1.0,Left,-1,-0.114172384,left,-0.572490436611454
EX01,adult,162.7534884,5.370865116,-1.0,Left,-1,-0.10905751,left,-0.5468431011014755
EX01,adult,163.7581395,5.404018605,-1.0,Left,-1,-0.14165434,left,-0.7102922212293814
EX01,adult,164.7627907,5.437172093,-1.0,Left,-1,-0.15596937,left,-0.782071525934777
EX01,adult,165.7674419,5.470325581,-0.977272727,Left,-1,-0.14933224,left,-0.7487912251964028
EX01,adult,166.772093,5.50347907,-0.954545455,Left,-1,-0.14804539,left,-0.74233862311862
EX01,adult,167.7767442,5.536632558,-0.931818182,Left,-1,-0.16501611,left,-0.8274343070653748
EX01,adult,168.7813953,5.569786047,-0.909090909,Left,-1,-0.1789607,left,-0.897356113563824
EX01,adult,169.7860465,5.602939535,-0.886363636,Left,-1,-0.17875537,left,-0.8963265694047928
EX01,adult,170.7906977,5.636093023,-0.863636364,Left,-1,-0.10624309,left,-0.5327308593439744
EX01,adult,171.7953488,5.669246512,-0.840909091,Left,-1,-0.114095956,left,-0.572107206188951
EX01,adult,172.8,5.7024,-0.818181818,Left,-1,-0.10239189,left,-0.5134199388759058
EX01,adult,173.8046512,5.735553488,-0.795454545,Left,-1,-0.101212636,left,-0.5075068406518339
EX01,adult,174.8093023,5.768706977,-0.772727273,Left,-1,-0.09972527,left,-0.5000487910832315
EX01,adult,175.8139535,5.801860465,-0.75,Left,-1,-0.09031871,left,-0.4528818232891571
EX01,adult,176.8186047,5.835013953,-0.727272727,Left,-1,-0.13065416,left,-0.655134387305412
EX01,adult,177.8232558,5.868167442,-0.704545455,Centre,0,-0.126359,left,-0.6335973456455228
EX01,adult,178.827907,5.90132093,-0.681818182,Centre,0,-0.11441074,left,-0.573685631354749
EX01,adult,179.8325581,5.934474419,-0.659090909,Centre,0,-0.10530246,left,-0.5280143007935164
EX01,adult,180.8372093,5.967627907,-0.636363636,Centre,0,-0.111152895,left,-0.5573499209068895
EX01,adult,181.8418605,6.000781395,-0.613636364,Centre,0,-0.0955718,left,-0.47922220886424144
EX01,adult,182.8465116,6.033934884,-0.590909091,Centre,0,-0.078065775,left,-0.3914423802337683
EX01,adult,183.8511628,6.067088372,-0.568181818,Centre,0,-0.049879413,left,-0.25010852840489095
EX01,adult,184.855814,6.10024186,-0.545454545,Centre,0,-0.07924742,left,-0.39736747075318263
EX01,adult,185.8604651,6.133395349,-0.522727273,Centre,0,-0.07767908,left,-0.3895034016650088
EX01,adult,186.8651163,6.166548837,-0.5,Centre,0,-0.050997406,left,-0.25571444080823436
EX01,adult,187.8697674,6.199702326,-0.477272727,Centre,0,-0.061582405,left,-0.30879041599666096
EX01,adult,188.8744186,6.232855814,-0.454545455,Centre,0,-0.031630363,left,-0.1586029812771503
EX01,adult,189.8790698,6.266009302,-0.431818182,Centre,0,-0.02710459,left,-0.1359095610573334
EX01,adult,190.8837209,6.299162791,-0.409090909,Centre,0,-0.046772834,left,-0.23453132129765153
EX01,adult,191.8883721,6.332316279,-0.386363636,Centre,0,-0.040082175,left,-0.20098259488315282
EX01,adult,192.8930233,6.365469767,-0.363636364,Centre,0,-0.043092877,left,-0.21607904544018935
EX01,adult,193.8976744,6.398623256,-0.340909091,Centre,0,-0.02472239,left,-0.12396458111061805
EX01,adult,194.9023256,6.431776744,-0.318181818,Centre,0,-0.025253959,left,-0.12663000884739994
EX01,adult,195.9069767,6.464930233,-0.295454545,Centre,0,-0.024467526,left,-0.12268662645374825
EX01,adult,196.9116279,6.498083721,-0.272727273,Centre,0,-0.0053742593,left,-0.026947953176699263
EX01,adult,197.9162791,6.531237209,-0.25,Centre,0,0.007301589,right,0.007928401997582912
EX01,adult,198.9209302,6.564390698,-0.227272727,Centre,0,0.012042283,right,0.0130760661988685
EX01,adult,199.9255814,6.597544186,-0.204545455,Centre,0,0.02238973,right,0.024311801627007183
EX01,adult,200.9302326,6.630697674,-0.181818182,Centre,0,0.025881667,right,0.02810350701059743
EX01,adult,201.9348837,6.663851163,-0.159090909,Centre,0,0.03535027,right,0.03838495366881104
EX01,adult,202.9395349,6.697004651,-0.136363636,Centre,0,0.016846625,right,0.018292842313318843
EX01,adult,203.944186,6.73015814,-0.113636364,Centre,0,0.023549004,right,0.025570593796201017
EX01,adult,204.9488372,6.763311628,-0.090909091,Centre,0,0.023235282,right,0.025229940421296653
EX01,adult,205.9534884,6.796465116,-0.068181818,Centre,0,0.040793505,right,0.04429546811195753
EX01,adult,206.9581395,6.829618605,-0.045454545,Centre,0,0.04413497,right,0.04792378616336489
EX01,adult,207.9627907,6.862772093,-0.022727273,Centre,0,0.04011786,right,0.04356182191718849
EX01,adult,208.9674419,6.895925581,-0.022727273,Centre,0,0.039824113,right,0.04324285832541089
EX01,adult,209.972093,6.92907907,-0.022727273,Centre,0,0.06034377,right,0.06552404603301715
EX01,adult,210.9767442,6.962232558,-0.022727273,Centre,0,0.08056915,right,0.08748569574578649
EX01,adult,211.9813953,6.995386047,-0.022727273,Centre,0,0.08337239,right,0.09052958699999346
EX01,adult,212.9860465,7.028539535,-0.022727273,Centre,0,0.08484725,right,0.09213105509007513
EX01,adult,213.9906977,7.061693023,-0.022727273,Centre,0,0.10346781,right,0.11235011558931197
EX01,adult,214.9953488,7.094846512,-0.022727273,Centre,0,0.104701646,right,0.1136898743193162
EX01,adult,216.0,7.128,-0.022727273,Centre,0,0.092110485,right,0.10001781134894885
EX01,adult,217.0046512,7.161153488,-0.022727273,Centre,0,0.10005896,right,0.1086486299144065
EX01,adult,218.0093023,7.194306977,-0.022727273,Centre,0,0.11348822,right,0.12323074149512941
EX01,adult,219.0139535,7.227460465,0.0,Centre,0,0.11303734,right,0.12274115592418605
EX01,adult,220.0186047,7.260613953,0.0,Centre,0,0.11375107,right,0.12351615509413318
EX01,adult,221.0232558,7.293767442,0.0,Centre,0,0.09910022,right,0.10760758504579335
EX01,adult,222.027907,7.32692093,0.0,Centre,0,0.098814465,right,0.10729730222137682
EX01,adult,223.0325581,7.360074419,0.0,Centre,0,0.07738613,right,0.0840294316361012
EX01,adult,224.0372093,7.393227907,0.0,Centre,0,0.07735125,right,0.08399155339492272
EX01,adult,225.0418605,7.426381395,0.0,Centre,0,0.10393093,right,0.11285299333245873
EX01,adult,226.0465116,7.459534884,0.0,Centre,0,0.074378096,right,0.08076316549610335
EX01,adult,227.0511628,7.492688372,0.0,Centre,0,0.066515915,right,0.07222604744096803
EX01,adult,228.055814,7.52584186,0.0,Centre,0,0.07023502,right,0.07626442455524861
EX01,adult,229.0604651,7.558995349,0.0,Centre,0,0.07882371,right,0.08559041644577768
EX01,adult,230.0651163,7.592148837,0.0,Centre,0,0.10889719,right,0.11824558633543339
EX01,adult,231.0697674,7.625302326,0.0,Centre,0,0.09697262,right,0.10529734403144739
EX01,adult,232.0744186,7.658455814,0.0,Centre,0,0.108372815,right,0.11767619919016611
EX01,adult,233.0790698,7.691609302,0.0,Centre,0,0.100560434,right,0.10919315592444494
EX01,adult,234.0837209,7.724762791,0.0,Centre,0,0.096544646,right,0.1048326276859168
EX01,adult,235.0883721,7.757916279,0.0,Centre,0,0.09556062,right,0.10376412473303202
EX01,adult,236.0930233,7.791069767,0.0,Centre,0,0.10144567,right,0.1101543830383663
EX01,adult,237.0976744,7.824223256,0.0,Centre,0,0.10091756,right,0.10958094271094815
EX01,adult,238.1023256,7.857376744,0.0,Centre,0,0.117984965,right,0.12811351537714205
EX01,adult,239.1069767,7.890530233,0.0,Centre,0,0.11117606,right,0.1207200904443731
EX01,adult,240.1116279,7.923683721,0.0,Centre,0,0.10745696,right,0.11668172142027644
EX01,adult,241.1162791,7.956837209,0.0,Centre,0,0.12654942,right,0.1374131979895181
EX01,adult,242.1209302,7.989990698,0.0,Centre,0,0.13257721,right,0.14395844803865787
EX01,adult,243.1255814,8.023144186,0.0,Centre,0,0.13353889,right,0.145002680439741
EX01,adult,244.1302326,8.056297674,0.0,Centre,0,0.11819456,right,0.12834110034138635
EX01,adult,245.1348837,8.089451163,0.0,Centre,0,0.11406053,right,0.12385218088382735
EX01,adult,246.1395349,8.122604651,0.0,Centre,0,0.115783595,right,0.12572316536148267
EX01,adult,247.144186,8.15575814,0.0,Centre,0,0.11586082,right,0.12580702011795747
EX01,adult,248.1488372,8.188911628,0.0,Centre,0,0.13046907,right,0.1416693304945633
EX01,adult,249.1534884,8.222065116,0.022727273,Centre,0,0.12100978,right,0.131398000611359
EX01,adult,250.1581395,8.255218605,0.045454545,Centre,0,0.11183226,right,0.12143262530416664
EX01,adult,251.1627907,8.288372093,0.068181818,Right,1,0.11389168,right,0.1236688411355175
EX01,adult,252.1674419,8.321525581,0.090909091,Right,1,0.12944855,right,0.14056120182077034
EX01,adult,253.172093,8.35467907,0.113636364,Right,1,0.13807905,right,0.14993259582353638
EX01,adult,254.1767442,8.387832558,0.136363636,Right,1,0.12497629,right,0.1357050203733484
EX01,adult,255.1813953,8.420986047,0.159090909,Right,1,0.16830193,right,0.1827499900814345
EX01,adult,256.1860465,8.454139535,0.159090909,Right,1,0.16853522,right,0.18300330992077252
EX01,adult,257.1906977,8.487293023,0.181818182,Right,1,0.14136885,right,0.15350481653954615
EX01,adult,258.1953488,8.520446512,0.204545455,Right,1,0.14381683,right,0.15616294355323337
EX01,adult,259.2,8.5536,0.227272727,Right,1,0.14057763,right,0.15264567136650262
EX01,adult,260.2046512,8.586753488,0.25,Right,1,0.12557152,right,0.136351345167827
EX01,adult,261.2093023,8.619906977,0.272727273,Right,1,0.1323932,right,0.14375863667585861
EX01,adult,262.2139535,8.653060465,0.295454545,Right,1,0.15720241,right,0.1706976223855519
EX01,adult,263.2186047,8.686213953,0.318181818,Right,1,0.14877723,right,0.161549177671636
EX01,adult,264.2232558,8.719367442,0.340909091,Right,1,0.14972718,right,0.16258067612320715
EX01,adult,265.227907,8.75252093,0.363636364,Right,1,0.1524548,right,0.1655424439203012
EX01,adult,266.2325581,8.785674419,0.386363636,Right,1,0.14020477,right,0.15224080620171496
EX01,adult,267.2372093,8.818827907,0.409090909,Right,1,0.18876727,right,0.20497220439325464
EX01,adult,268.2418605,8.851981395,0.431818182,Right,1,0.21070239,right,0.22879036928971355
EX01,adult,269.2465116,8.885134884,0.454545455,Right,1,0.20471215,right,0.2222858937676006
EX01,adult,270.2511628,8.918288372,0.477272727,Right,1,0.2209979,right,0.23996970905692208
EX01,adult,271.255814,8.95144186,0.5,Right,1,0.19575486,right,0.2125596481171262
EX01,adult,272.2604651,8.984595349,0.522727273,Right,1,0.21119533,right,0.2293256320391477
EX01,adult,273.2651163,9.017748837,0.545454545,Right,1,0.2272369,right,0.24674429964021982
EX01,adult,274.2697674,9.050902326,0.568181818,Right,1,0.24559566,right,0.2666790953465715
EX01,adult,275.2744186,9.084055814,0.590909091,Right,1,0.23765624,right,0.2580580982644096
EX01,adult,276.2790698,9.117209302,0.613636364,Right,1,0.27818954,right,0.3020710288377519
EX01,adult,277.2837209,9.150362791,0.613636364,Right,1,0.27723962,right,0.30103956274691646
EX01,adult,278.2883721,9.183516279,0.636363636,Right,1,0.27673998,right,0.3004970350123097
EX01,adult,279.2930233,9.216669767,0.659090909,Right,1,0.27273408,right,0.2961472343576779
EX01,adult,280.2976744,9.249823256,0.681818182,Right,1,0.27369067,right,0.2971859492533181
EX01,adult,281.3023256,9.282976744,0.704545455,Right,1,0.34056106,right,0.36979690337530885
EX01,adult,282.3069767,9.316130233,0.727272727,Right,1,0.35229546,right,0.38253865182456626
EX01,adult,283.3116279,9.349283721,0.75,Right,1,0.3236332,right,0.3514158436738289
EX01,adult,284.3162791,9.382437209,0.772727273,Right,1,0.3283289,right,0.35651466591779607
EX01,adult,285.3209302,9.415590698,0.795454545,Right,1,0.32382682,right,0.3516260913739029
EX01,adult,286.3255814,9.448744186,0.818181818,Right,1,0.36863637,right,0.40028236683573426
EX01,adult,287.3302326,9.481897674,0.840909091,Right,1,0.41940156,right,0.45540554700548963
EX01,adult,288.3348837,9.515051163,0.863636364,Right,1,0.43851665,right,0.4761615934633385
EX01,adult,289.3395349,9.548204651,0.886363636,Right,1,0.46260786,right,0.5023209443276905
EX01,adult,290.344186,9.58135814,0.909090909,Right,1,0.46667588,right,0.5067381847555952
EX01,adult,291.3488372,9.614511628,0.931818182,Right,1,0.50157577,right,0.5446340948957864
EX01,adult,292.3534884,9.647665116,0.954545455,Right,1,0.49547714,right,0.5380119233778032
EX01,adult,293.3581395,9.680818605,0.977272727,Right,1,0.5033627,right,0.546574444610491
EX01,adult,294.3627907,9.713972093,1.0,Right,1,0.5297073,right,0.5751806230645449
EX01,adult,295.3674419,9.747125581,1.0,Right,1,0.5263477,right,0.5715325973250746
EX01,adult,296.372093,9.78027907,1.0,Right,1,0.5180317,right,0.5625027223468938
EX01,adult,297.3767442,9.813432558,1.0,Right,1,0.5159534,right,0.5602460140796384
EX01,adult,298.3813953,9.846586047,1.0,Right,1,0.54364944,right,0.5903196224563572
EX01,adult,299.3860465,9.879739535,1.0,Right,1,0.5505313,right,0.5977922988309425
EX01,adult,300.3906977,9.912893023,1.0,Right,1,0.55500597,right,0.6026510691372233
EX01,adult,301.3953488,9.946046512,1.0,Right,1,0.5376491,right,0.5838041766448299
EX01,adult,302.4,9.9792,1.0,Right,1,0.48965946,right,0.5316948165155992
EX01,adult,303.4046512,10.01235349,1.0,Right,1,0.4900853,right,0.5321572190685246
EX01,adult,304.4093023,10.04550698,1.0,Right,1,0.52101445,right,0.5657415142222522
EX01,adult,305.4139535,10.07866047,1.0,Right,1,0.5203865,right,0.5650596735203037
EX01,adult,306.4186047,10.11181395,1.0,Right,1,0.50090516,right,0.5439059136202647
EX01,adult,307.4232558,10.14496744,1.0,Right,1,0.5092049,right,0.5529181843582054
EX01,adult,308.427907,10.17812093,1.0,Right,1,0.5084795,right,0.5521304593289302
EX01,adult,309.4325581,10.21127442,1.0,Right,1,0.5288375,right,0.5742361426313666
EX01,adult,310.4372093,10.24442791,1.0,Right,1,0.5225588,right,0.5674184475480691
EX01,adult,311.4418605,10.2775814,1.0,Right,1,0.52888197,right,0.574284424849084
EX01,adult,312.4465116,10.31073488,1.0,Right,1,0.5470394,right,0.5940005914248063
EX01,adult,313.4511628,10.34388837,1.0,Right,1,0.5458226,right,0.5926793673061946
EX01,adult,314.455814,10.37704186,1.0,Right,1,0.53460884,right,0.5805029285495018
EX01,adult,315.4604651,10.41019535,1.0,Right,1,0.5365394,right,0.5825991922889804
EX01,adult,316.4651163,10.44334884,1.0,Right,1,0.5321366,right,0.5778184760772938
EX01,adult,317.4697674,10.47650233,1.0,Right,1,0.5334727,right,0.5792692725817906
EX01,adult,318.4744186,10.50965581,1.0,Right,1,0.5469811,right,0.5939372938257076
EX01,adult,319.4790698,10.5428093,1.0,Right,1,0.5182075,right,0.5626935859662621
EX01,adult,320.4837209,10.57596279,1.0,Right,1,0.51329505,right,0.5573594364520259
EX01,adult,321.4883721,10.60911628,1.0,Right,1,0.5103855,right,0.554200122543634
EX01,adult,322.4930233,10.64226977,1.0,Right,1,0.5348754,right,0.5807923629699208
EX01,adult,323.4976744,10.67542326,1.0,Right,1,0.5386326,right,0.5848720809241035
EX01,adult,324.5023256,10.70857674,1.0,Right,1,0.5363748,right,0.5824204963062486
EX01,adult,325.5069767,10.74173023,1.0,Right,1,0.5488397,right,0.5959554387491204
EX01,adult,326.5116279,10.77488372,1.0,Right,1,0.5622242,right,0.6104889687753202
EX01,adult,327.5162791,10.80803721,1.0,Right,1,0.52160513,right,0.5663829040045311
EX01,adult,328.5209302,10.8411907,1.0,Right,1,0.53336513,right,0.5791524503257852
EX01,adult,329.5255814,10.87434419,1.0,Right,1,0.5670831,right,0.6157649984081754
EX01,adult,330.5302326,10.90749767,1.0,Right,1,0.5421938,right,0.5887389946800892
EX01,adult,331.5348837,10.94065116,1.0,Right,1,0.5189284,right,0.5634763921637055
EX01,adult,332.5395349,10.97380465,1.0,Centre,0,0.53694177,right,0.583036126942882
EX01,adult,333.544186,11.00695814,1.0,Centre,0,0.5024192,right,0.545549903717103
EX01,adult,334.5488372,11.04011163,0.977272727,Centre,0,0.4796526,right,0.5208289228347254
EX01,adult,335.5534884,11.07326512,0.954545455,Centre,0,0.46638396,right,0.5064212113490654
EX01,adult,336.5581395,11.1064186,0.931818182,Centre,0,0.43977526,right,0.4775282520549229
EX01,adult,337.5627907,11.13957209,0.909090909,Centre,0,0.36204502,right,0.39312517527383495
EX01,adult,338.5674419,11.17272558,0.886363636,Centre,0,0.3855392,right,0.41863624351919637
EX01,adult,339.572093,11.20587907,0.863636364,Centre,0,0.37573767,right,0.4079932829468048
EX01,adult,340.5767442,11.23903256,0.840909091,Centre,0,0.3102002,right,0.336829695091323
EX01,adult,341.5813953,11.27218605,0.818181818,Centre,0,0.3463404,right,0.3760723619706212
EX01,adult,342.5860465,11.30533953,0.795454545,Centre,0,0.31875882,right,0.346123018819127
EX01,adult,343.5906977,11.33849302,0.772727273,Centre,0,0.33417374,right,0.3628612534102552
EX01,adult,344.5953488,11.37164651,0.75,Centre,0,0.30749366,right,0.3338907901540261
EX01,adult,345.6,11.4048,0.727272727,Centre,0,0.30976427,right,0.3363563222489831
EX01,adult,346.6046512,11.43795349,0.727272727,Centre,0,0.2066922,right,0.22443592486950373
EX01,adult,347.6093023,11.47110698,0.704545455,Centre,0,0.19408481,right,0.21074623338834442
EX01,adult,348.6139535,11.50426047,0.681818182,Centre,0,0.2154556,right,0.23395163157328253
EX01,adult,349.6186047,11.53741395,0.659090909,Centre,0,0.18891667,right,0.20513442876149704
EX01,adult,350.6232558,11.57056744,0.636363636,Centre,0,0.19015981,right,0.2064842921312347
EX01,adult,351.627907,11.60372093,0.613636364,Centre,0,0.18466678,right,0.20051970694376603
EX01,adult,352.6325581,11.63687442,0.590909091,Centre,0,0.18839787,right,0.20457109307381233
EX01,adult,353.6372093,11.67002791,0.568181818,Centre,0,0.18113838,right,0.19668840617745734
EX01,adult,354.6418605,11.7031814,0.545454545,Centre,0,0.1728578,right,0.18769697575333041
EX01,adult,355.6465116,11.73633488,0.522727273,Centre,0,0.16902445,right,0.18353454375860756
EX01,adult,356.6511628,11.76948837,0.5,Centre,0,0.1660955,right,0.18035414683088402
EX01,adult,357.655814,11.80264186,0.477272727,Centre,0,0.17169374,right,0.1864329815958671
EX01,adult,358.6604651,11.83579535,0.454545455,Centre,0,0.19034252,right,0.2066826796216616
EX01,adult,359.6651163,11.86894884,0.431818182,Centre,0,0.20400666,right,0.2215198342509004
EX01,adult,360.6697674,11.90210233,0.409090909,Centre,0,0.20424075,right,0.22177402783010328
EX01,adult,361.6744186,11.93525581,0.386363636,Centre,0,0.17763925,right,0.19288888365364099
EX01,adult,362.6790698,11.9684093,0.363636364,Centre,0,0.15587536,right,0.16925664736435075
EX01,adult,363.6837209,12.00156279,0.340909091,Centre,0,0.1549949,right,0.16830061414851494
EX01,adult,364.6883721,12.03471628,0.318181818,Centre,0,0.12969889,right,0.14083303200094907
EX01,adult,365.6930233,12.06786977,0.295454545,Centre,0,0.13725027,right,0.14903267612346605
EX01,adult,366.6976744,12.10102326,0.295454545,Centre,0,0.113346,right,0.1230763160641993
EX01,adult,367.7023256,12.13417674,0.272727273,Centre,0,0.09548471,right,0.10368170193911354
EX01,adult,368.7069767,12.16733023,0.25,Centre,0,0.093622364,right,0.10165947956299803
EX01,adult,369.7116279,12.20048372,0.227272727,Centre,0,0.11890695,right,0.1291146513684093
EX01,adult,370.7162791,12.23363721,0.204545455,Centre,0,0.1231278,right,0.13369784573934992
EX01,adult,371.7209302,12.2667907,0.181818182,Centre,0,0.10690488,right,0.11608224688095903
EX01,adult,372.7255814,12.29994419,0.159090909,Centre,0,0.10064432,right,0.10928424330535662
EX01,adult,373.7302326,12.33309767,0.136363636,Centre,0,0.101543404,right,0.1102605100712111
EX01,adult,374.7348837,12.36625116,0.113636364,Centre,0,0.08982736,right,0.09753868774498291
EX01,adult,375.7395349,12.39940465,0.090909091,Centre,0,0.08661665,right,0.09405235242161535
EX01,adult,376.744186,12.43255814,0.068181818,Centre,0,0.08808512,right,0.09564688722406567
EX01,adult,377.7488372,12.46571163,0.045454545,Centre,0,0.11729707,right,0.12736656487489373
EX01,adult,378.7534884,12.49886512,0.0,Centre,0,0.113241605,right,0.12296295640691761
EX01,adult,379.7581395,12.5320186,0.0,Centre,0,0.09741258,right,0.10577506939274367
EX01,adult,380.7627907,12.56517209,0.0,Centre,0,0.100815296,right,0.10946989684627155
EX01,adult,381.7674419,12.59832558,0.0,Centre,0,0.09378401,right,0.10183500419362775
EX01,adult,382.772093,12.63147907,0.0,Centre,0,0.092306234,right,0.10023036475144398
EX01,adult,383.7767442,12.66463256,0.0,Centre,0,0.08711706,right,0.09459572153535123
EX01,adult,384.7813953,12.69778605,0.0,Centre,0,0.08672771,right,0.09417294470333393
EX01,adult,385.7860465,12.73093953,0.0,Centre,0,0.07874861,right,0.08550887548190798
EX01,adult,386.7906977,12.76409302,0.0,Centre,0,0.07334665,right,0.07964317661266329
EX01,adult,387.7953488,12.79724651,0.0,Centre,0,0.05779672,right,0.06275834384356095
EX01,adult,388.8,12.8304,0.0,Centre,0,0.071564995,right,0.07770857092855184
EX01,adult,389.8046512,12.86355349,0.0,Centre,0,0.048884187,right,0.05308070401816136
EX01,adult,390.8093023,12.89670698,0.0,Centre,0,0.06283675,right,0.06823104180275705
EX01,adult,391.8139535,12.92986047,0.0,Centre,0,0.05709391,right,0.061995200838168944
EX01,adult,392.8186047,12.96301395,0.0,Centre,0,0.06283196,right,0.06822583981448756
EX01,adult,393.8232558,12.99616744,0.0,Centre,0,0.05257613,right,0.05708958432181897
EX01,adult,394.827907,13.02932093,0.0,Centre,0,0.06346952,right,0.06891813303407851
EX01,adult,395.8325581,13.06247442,0.0,Centre,0,0.06587169,right,0.07152652159694017
EX01,adult,396.8372093,13.09562791,0.0,Centre,0,0.05650429,right,0.061354963907100615
EX01,adult,397.8418605,13.1287814,0.0,Centre,0,0.062383488,right,0.06773886737295483
EX01,adult,398.8465116,13.16193488,0.0,Centre,0,0.06943447,right,0.07539515047191984
EX01,adult,399.8511628,13.19508837,0.0,Centre,0,0.07275011,right,0.0789954198556284
EX01,adult,400.855814,13.22824186,0.0,Centre,0,0.06834044,right,0.0742072040434351
EX01,adult,401.8604651,13.26139535,0.0,Centre,0,0.0653071,right,0.07091346363879775
EX01,adult,402.8651163,13.29454884,0.0,Centre,0,0.06727731,right,0.0730528076077242
EX01,adult,403.8697674,13.32770233,0.0,Centre,0,0.06510656,right,0.07069570824803313
EX01,adult,404.8744186,13.36085581,0.0,Centre,0,0.0613832,right,0.06665270759363433
EX01,adult,405.8790698,13.3940093,0.0,Centre,0,0.11027245,right,0.11973891293687074
EX01,adult,406.8837209,13.42716279,0.0,Centre,0,0.10770516,right,0.11695122971766617
EX01,adult,407.8883721,13.46031628,0.0,Centre,0,0.105496064,right,0.11455249018126737
EX01,adult,408.8930233,13.49346977,0.0,Centre,0,0.12689777,right,0.13779144644916325
EX01,adult,409.8976744,13.52662326,0.0,Centre,0,0.13375354,right,0.1452357586388764
EX01,adult,410.9023256,13.55977674,0.0,Centre,0,0.106813274,right,0.11598277806949184
EX01,adult,411.9069767,13.59293023,0.0,Centre,0,0.111269005,right,0.12082101548894839
EX01,adult,412.9116279,13.62608372,0.0,Centre,0,0.106797025,right,0.11596513337833202
EX01,adult,413.9162791,13.65923721,0.0,Centre,0,0.094917454,right,0.10306574769512278
EX01,adult,414.9209302,13.6923907,0.0,Centre,0,0.10706761,right,0.11625894458825915
EX01,adult,415.9255814,13.72554419,0.0,Centre,0,0.05516046,right,0.059895769791680355
EX01,adult,416.9302326,13.75869767,0.0,Centre,0,0.074885964,right,0.08131463288395706
EX01,adult,417.9348837,13.79185116,0.0,Centre,0,0.07687827,right,0.08347797233843142
EX01,adult,418.9395349,13.82500465,0.0,Centre,0,0.07454427,right,0.08094360895856487
EX01,adult,419.944186,13.85815814,0.0,Blink,0,0.06198774,right,0.06730914511803028
EX01,adult,420.9488372,13.89131163,0.0,Blink,0,0.14159656,right,0.15375206874093372
EX01,adult,421.9534884,13.92446512,0.0,Blink,0,0.7223159,right,0.7843239159493316
EX01,adult,422.9581395,13.9576186,0.0,Blink,0,0.84176075,right,0.9140226381468483
EX01,adult,423.9627907,13.99077209,0.0,Blink,0,0.9209408,right,1.0
EX01,adult,424.9674419,14.02392558,0.0,Blink,0,0.7071641,right,0.7678713942940126
EX01,adult,425.972093,14.05707907,0.0,Blink,0,0.3422322,right,0.371611499270945
EX01,adult,426.9767442,14.09023256,0.0,Blink,0,0.09402397,right,0.10209556474758659
EX01,adult,427.9813953,14.12338605,0.0,Centre,0,0.19944094,right,0.21656216953621177
EX01,adult,428.9860465,14.15653953,0.0,Centre,0,0.16428934,right,0.17839294062199793
EX01,adult,429.9906977,14.18969302,0.0,Centre,0,0.13212954,right,0.14347234124680608
EX01,adult,430.9953488,14.22284651,0.0,Centre,0,0.11307995,right,0.12278742368610397
EX01,adult,432.0,14.256,0.0,,0,0.11029429,right,0.11976262526598097
EX02,adult,0.0,0.0,0.0,Centre,0,-0.024905883,left,-0.11737742723065887
EX02,adult,0.997690531,0.032923788,0.0,Centre,0,-0.026832681,left,-0.12645811864421302
EX02,adult,1.995381062,0.065847575,0.0,Centre,0,-0.024663536,left,-0.11623528520710791
EX02,adult,2.993071594,0.098771363,0.0,Centre,0,-0.02363156,left,-0.111371747077969
EX02,adult,3.990762125,0.13169515,0.0,Centre,0,-0.018453578,left,-0.08696874845062165
EX02,adult,4.988452656,0.164618938,0.0,Centre,0,-0.024937574,left,-0.11752678203615809
EX02,adult,5.986143187,0.197542725,0.0,Centre,0,-0.0031180293,left,-0.01469477167588206
EX02,adult,6.983833718,0.230466513,0.0,Centre,0,-0.0032530513,left,-0.015331108604522239
EX02,adult,7.981524249,0.2633903,0.0,Centre,0,-0.0022562302,left,-0.010633250812769645
EX02,adult,8.979214781,0.296314088,0.0,Centre,0,-0.0106806075,left,-0.050335988619609764
EX02,adult,9.976905312,0.329237875,0.0,Centre,0,-0.011608187,left,-0.05470752231350611
EX02,adult,10.97459584,0.362161663,0.0,Centre,0,-0.007911719,left,-0.03728666333042641
EX02,adult,11.97228637,0.39508545,0.0,Centre,0,-0.0042160503,left,-0.01986956806386592
EX02,adult,12.96997691,0.428009238,0.0,Centre,0,-0.005223258,left,-0.02461637611623712
EX02,adult,13.96766744,0.460933025,0.0,Centre,0,-0.014019413,left,-0.06607124247046016
EX02,adult,14.96535797,0.493856813,0.0,Centre,0,-0.013434849,left,-0.06331628537270266
EX02,adult,15.9630485,0.5267806,0.0,Centre,0,-0.006283729,left,-0.029614205406450836
EX02,adult,16.96073903,0.559704388,0.0,Centre,0,-0.008343684,left,-0.03932244113626369
EX02,adult,17.95842956,0.592628176,0.0,Centre,0,-0.007821971,left,-0.0368636918204481
EX02,adult,18.95612009,0.625551963,0.0,Centre,0,-0.017976338,left,-0.0847195953504815
EX02,adult,19.95381062,0.658475751,0.0,Centre,0,-0.012148542,left,-0.057254129720942654
EX02,adult,20.95150115,0.691399538,0.0,Centre,0,-0.009418802,left,-0.04438930335174165
EX02,adult,21.94919169,0.724323326,0.0,Centre,0,-0.0052938317,left,-0.02494897892719042
EX02,adult,22.94688222,0.757247113,0.0,Centre,0,-0.0005142564,left,-0.0024236079445660694
EX02,adult,23.94457275,0.790170901,0.0,Centre,0,-0.0051678643,left,-0.024355314643365232
EX02,adult,24.94226328,0.823094688,0.0,Blink,0,-0.0053939666,left,-0.025420898503200444
EX02,adult,25.93995381,0.856018476,0.0,Blink,0,-0.12559761,left,-0.5919213780292146
EX02,adult,26.93764434,0.888942263,0.0,Blink,0,0.12134773,right,0.659427199790888
EX02,adult,27.93533487,0.921866051,0.0,Centre,0,-0.038027544,left,-0.17921770807598145
EX02,adult,28.9330254,0.954789838,0.0,Centre,0,0.0003472762,right,0.0018871664067376896
EX02,adult,29.93071594,0.987713626,0.0,Centre,0,-0.013272663,left,-0.06255192831503059
EX02,adult,30.92840647,1.020637413,0.0,Centre,0,0.00087404944,right,0.00474975477234987
EX02,adult,31.926097,1.053561201,0.0,Centre,0,0.0005193164,right,0.0028220664569285213
EX02,adult,32.92378753,1.086484988,0.0,Centre,0,-0.005520733,left,-0.02601832869813173
EX02,adult,33.92147806,1.119408776,0.0,Centre,0,-0.01602504,left,-0.07552344233138304
EX02,adult,34.91916859,1.152332564,0.0,Centre,0,0.00049295113,right,0.0026787924130038405
EX02,adult,35.91685912,1.185256351,0.0,Centre,0,-0.0015656725,left,-0.007378762944024621
EX02,adult,36.91454965,1.218180139,0.0,Centre,0,-0.002330266,left,-0.010982169279969032
EX02,adult,37.91224018,1.251103926,0.0,Centre,0,-0.0012961605,left,-0.006108596402267988
EX02,adult,38.90993072,1.284027714,0.0,Centre,0,0.0015390408,right,0.008363447393700423
EX02,adult,39.90762125,1.316951501,0.0,Centre,0,-0.00056245964,left,-0.00265078197827366
EX02,adult,40.90531178,1.349875289,0.0,Centre,0,0.009087771,right,0.049384717451509866
EX02,adult,41.90300231,1.382799076,0.0,Centre,0,0.011650264,right,0.06330980365228436
EX02,adult,42.90069284,1.415722864,0.0,Centre,0,0.010425743,right,0.0566555152179055
EX02,adult,43.89838337,1.448646651,0.0,Centre,0,-0.0014213291,left,-0.006698495872280521
EX02,adult,44.8960739,1.481570439,0.0,Centre,0,0.0054056845,right,0.029375541576341525
EX02,adult,45.89376443,1.514494226,0.0,Centre,0,0.005283978,right,0.028714164053914665
EX02,adult,46.89145497,1.547418014,0.0,Centre,0,0.0055976985,right,0.030418983215900863
EX02,adult,47.8891455,1.580341801,0.0,Centre,0,0.0077846865,right,0.04230350177057658
EX02,adult,48.88683603,1.613265589,0.0,Centre,0,0.0121876905,right,0.06623028228896266
EX02,adult,49.88452656,1.646189376,0.0,Centre,0,0.004408597,right,0.023957174282698054
EX02,adult,50.88221709,1.679113164,0.0,Centre,0,0.012039619,right,0.06542563072261112
EX02,adult,51.87990762,1.712036952,0.0,Centre,0,-0.0032876723,left,-0.015494271750743806
EX02,adult,52.87759815,1.744960739,0.0,Centre,0,-0.0038666436,left,-0.01822287076263896
EX02,adult,53.87528868,1.777884527,0.0,Centre,0,0.010300042,right,0.05597243364781369
EX02,adult,54.87297921,1.810808314,0.0,Centre,0,0.0013784522,right,0.007490777411911072
EX02,adult,55.87066975,1.843732102,0.0,Centre,0,-0.016610136,left,-0.07828090564737084
EX02,adult,56.86836028,1.876655889,0.0,Centre,0,-0.008511996,left,-0.040115670179082505
EX02,adult,57.86605081,1.909579677,0.0,Centre,0,-0.01820244,left,-0.0857851814049036
EX02,adult,58.86374134,1.942503464,0.0,Centre,0,-0.008035024,left,-0.037867776771818164
EX02,adult,59.86143187,1.975427252,0.0,Centre,0,0.0077295587,right,0.042003926699238914
EX02,adult,60.8591224,2.008351039,0.0,Centre,0,0.023542078,right,0.1279322353121419
EX02,adult,61.85681293,2.041274827,0.0,Centre,0,-0.004645086,left,-0.021891544112741513
EX02,adult,62.85450346,2.074198614,0.0,Centre,0,-0.0054536215,left,-0.025702042640717966
EX02,adult,63.852194,2.107122402,0.0,Centre,0,-0.0042602587,left,-0.020077915559599993
EX02,adult,64.84988453,2.140046189,0.0,Centre,0,-0.004053598,left,-0.019103955702491827
EX02,adult,65.84757506,2.172969977,0.0,Centre,0,0.00020905815,right,0.001136062704544897
EX02,adult,66.84526559,2.205893764,0.0,Centre,0,0.004508732,right,0.02450132666718869
EX02,adult,67.84295612,2.238817552,0.0,Centre,0,0.0061029005,right,0.033164349132226774
EX02,adult,68.84064665,2.271741339,0.0,Centre,0,-0.0054640076,left,-0.025750990706749678
EX02,adult,69.83833718,2.304665127,0.0,Centre,0,0.002998453,right,0.01629417777040718
EX02,adult,70.83602771,2.337588915,0.0,Centre,0,0.00061013026,right,0.0033155665741814943
EX02,adult,71.83371824,2.370512702,0.0,Centre,0,-0.0049129995,left,-0.023154177734992502
EX02,adult,72.83140878,2.40343649,0.0,Centre,0,0.013597301,right,0.07389038138553984
EX02,adult,73.82909931,2.436360277,0.0,Centre,0,0.0021840583,right,0.011868597951214827
EX02,adult,74.82678984,2.469284065,0.0,Centre,0,-0.0019004318,left,-0.008956430063220958
EX02,adult,75.82448037,2.502207852,0.0,Centre,0,0.00021624869,right,0.0011751374869305043
EX02,adult,76.8221709,2.53513164,0.0,Centre,0,0.0008341021,right,0.004532673175171651
EX02,adult,77.81986143,2.568055427,0.0,Centre,0,-0.002791792,left,-0.013157267142743375
EX02,adult,78.81755196,2.600979215,0.0,Centre,0,-0.0010322413,left,-0.004864787397726984
EX02,adult,79.81524249,2.633903002,0.0,Centre,0,-0.00027057718,left,-0.0012751867964329992
EX02,adult,80.81293303,2.66682679,0.0,Centre,0,-0.0046802396,left,-0.022057217866367145
EX02,adult,81.81062356,2.699750577,0.0,Centre,0,0.012223111,right,0.06642276685112686
EX02,adult,82.80831409,2.732674365,0.0,Centre,0,-0.0008295747,left,-0.003909652432652166
EX02,adult,83.80600462,2.765598152,0.0,Centre,0,0.0035502603,right,0.019292805655544937
EX02,adult,84.80369515,2.79852194,0.0,Centre,0,-0.00042557315,left,-0.0020056579237192496
EX02,adult,85.80138568,2.831445727,0.0,Centre,0,0.0037470679,right,0.020362296201092735
EX02,adult,86.79907621,2.864369515,0.0,Centre,0,-0.005812083,left,-0.027391413684053366
EX02,adult,87.79676674,2.897293303,0.0,Centre,0,0.00363415,right,0.019748677958554475
EX02,adult,88.79445727,2.93021709,0.0,Centre,0,-0.0023507725,left,-0.011078813400210765
EX02,adult,89.79214781,2.963140878,0.0,Centre,0,-0.0048357677,left,-0.022790196720662164
EX02,adult,90.78983834,2.996064665,0.0,Centre,0,-0.00956501,left,-0.04507835535481308
EX02,adult,91.78752887,3.028988453,-0.022727273,Centre,0,-0.013408749,left,-0.06319328316659857
EX02,adult,92.7852194,3.06191224,-0.045454545,Centre,0,-0.013655093,left,-0.06435425913485382
EX02,adult,93.78290993,3.094836028,-0.068181818,Centre,0,-0.011828696,left,-0.055746746990185524
EX02,adult,94.78060046,3.127759815,-0.090909091,Left,-1,-0.023033148,left,-0.10855152735522713
EX02,adult,95.77829099,3.160683603,-0.113636364,Left,-1,-0.040739972,left,-0.1920009484828979
EX02,adult,96.77598152,3.19360739,-0.136363636,Left,-1,-0.050587278,left,-0.23840971947069795
EX02,adult,97.77367206,3.226531178,-0.159090909,Left,-1,-0.05779619,left,-0.27238417181066127
EX02,adult,98.77136259,3.259454965,-0.181818182,Left,-1,-0.053641923,left,-0.25280577056264714
EX02,adult,99.76905312,3.292378753,-0.204545455,Left,-1,-0.046009574,left,-0.21683573647035426
EX02,adult,100.7667436,3.32530254,-0.227272727,Left,-1,-0.046648465,left,-0.21984672724241483
EX02,adult,101.7644342,3.358226328,-0.25,Left,-1,-0.065916166,left,-0.31065230706912605
EX02,adult,102.7621247,3.391150115,-0.272727273,Left,-1,-0.073719494,left,-0.3474281407979532
EX02,adult,103.7598152,3.424073903,-0.295454545,Left,-1,-0.07565056,left,-0.356528934627435
EX02,adult,104.7575058,3.456997691,-0.318181818,Left,-1,-0.071417995,left,-0.33658154431780374
EX02,adult,105.7551963,3.489921478,-0.340909091,Left,-1,-0.09251689,left,-0.4360172580908625
EX02,adult,106.7528868,3.522845266,-0.363636364,Left,-1,-0.09685971,left,-0.4564842563496597
EX02,adult,107.7505774,3.555769053,-0.386363636,Left,-1,-0.101703465,left,-0.47931210340303526
EX02,adult,108.7482679,3.588692841,-0.409090909,Left,-1,-0.09091739,left,-0.4284790803550273
EX02,adult,109.7459584,3.621616628,-0.431818182,Left,-1,-0.07708706,left,-0.36329893672440666
EX02,adult,110.743649,3.654540416,-0.454545455,Left,-1,-0.08022799,left,-0.37810165354572906
EX02,adult,111.7413395,3.687464203,-0.477272727,Left,-1,-0.08832933,left,-0.4162819526584418
EX02,adult,112.73903,3.720387991,-0.5,Left,-1,-0.09421359,left,-0.44401352511611647
EX02,adult,113.7367206,3.753311778,-0.522727273,Left,-1,-0.10298764,left,-0.48536421223600523
EX02,adult,114.7344111,3.786235566,-0.545454545,Left,-1,-0.11346691,left,-0.534751336099613
EX02,adult,115.7321016,3.819159353,-0.568181818,Left,-1,-0.120461166,left,-0.5677141365526038
EX02,adult,116.7297921,3.852083141,-0.590909091,Left,-1,-0.123999186,left,-0.5843882566215778
EX02,adult,117.7274827,3.885006928,-0.613636364,Left,-1,-0.14208044,left,-0.6696023099554467
EX02,adult,118.7251732,3.917930716,-0.636363636,Left,-1,-0.13647902,left,-0.6432037120190747
EX02,adult,119.7228637,3.950854503,-0.659090909,Left,-1,-0.14075685,left,-0.6633644161745759
EX02,adult,120.7205543,3.983778291,-0.681818182,Left,-1,-0.13571256,left,-0.6395915273355637
EX02,adult,121.7182448,4.016702079,-0.704545455,Left,-1,-0.14746642,left,-0.6949855690988682
EX02,adult,122.7159353,4.049625866,-0.727272727,Left,-1,-0.15530518,left,-0.7319283669984133
EX02,adult,123.7136259,4.082549654,-0.75,Left,-1,-0.15585113,left,-0.7345013357835926
EX02,adult,124.7113164,4.115473441,-0.772727273,Left,-1,-0.1586352,left,-0.747622226551313
EX02,adult,125.7090069,4.148397229,-0.795454545,Left,-1,-0.15615259,left,-0.7359220937805618
EX02,adult,126.7066975,4.181321016,-0.818181818,Left,-1,-0.16993311,left,-0.8008674692838595
EX02,adult,127.704388,4.214244804,-0.840909091,Left,-1,-0.15288304,left,-0.7205132145030662
EX02,adult,128.7020785,4.247168591,-0.863636364,Left,-1,-0.14885846,left,-0.7015460144827285
EX02,adult,129.6997691,4.280092379,-0.886363636,Left,-1,-0.15360448,left,-0.7239132440825862
EX02,adult,130.6974596,4.313016166,-0.909090909,Left,-1,-0.15868713,left,-0.7478669668814717
EX02,adult,131.6951501,4.345939954,-0.931818182,Left,-1,-0.15935796,left,-0.7510285063143005
EX02,adult,132.6928406,4.378863741,-0.954545455,Left,-1,-0.17190678,left,-0.8101690765922763
EX02,adult,133.6905312,4.411787529,-0.977272727,Left,-1,-0.16339532,left,-0.7700558906855552
EX02,adult,134.6882217,4.444711316,-1.0,Left,-1,-0.16112764,left,-0.7593687089972163
EX02,adult,135.6859122,4.477635104,-1.0,Left,-1,-0.18961148,left,-0.8936084640686784
EX02,adult,136.6836028,4.510558891,-1.0,Left,-1,-0.19137156,left,-0.9019034407049308
EX02,adult,137.6812933,4.543482679,-1.0,Left,-1,-0.17636652,left,-0.8311871092845281
EX02,adult,138.6789838,4.576406467,-1.0,Left,-1,-0.18339247,left,-0.8642992469863231
EX02,adult,139.6766744,4.609330254,-1.0,Left,-1,-0.18322709,left,-0.8635198701759644
EX02,adult,140.6743649,4.642254042,-1.0,Left,-1,-0.19341715,left,-0.9115439624562013
EX02,adult,141.6720554,4.675177829,-1.0,Left,-1,-0.19103175,left,-0.9003019892016493
EX02,adult,142.669746,4.708101617,-1.0,Left,-1,-0.19621533,left,-0.9247313579850869
EX02,adult,143.6674365,4.741025404,-1.0,Left,-1,-0.18861388,left,-0.8889069215655347
EX02,adult,144.665127,4.773949192,-1.0,Left,-1,-0.19017819,left,-0.8962792587591405
EX02,adult,145.6628176,4.806872979,-1.0,Left,-1,-0.18790226,left,-0.8855531714343862
EX02,adult,146.6605081,4.839796767,-1.0,Left,-1,-0.17977163,left,-0.8472348415845353
EX02,adult,147.6581986,4.872720554,-1.0,Left,-1,-0.18141268,left,-0.8549688466978876
EX02,adult,148.6558891,4.905644342,-1.0,Left,-1,-0.18261428,left,-0.8606317938265323
EX02,adult,149.6535797,4.938568129,-1.0,Left,-1,-0.17938414,left,-0.8454086643835472
EX02,adult,150.6512702,4.971491917,-1.0,Left,-1,-0.18719946,left,-0.8822409955573134
EX02,adult,151.6489607,5.004415704,-1.0,Left,-1,-0.17991412,left,-0.8479063500599947
EX02,adult,152.6466513,5.037339492,-1.0,Left,-1,-0.17030862,left,-0.8026371841532989
EX02,adult,153.6443418,5.070263279,-1.0,Left,-1,-0.16471705,left,-0.7762850061188594
EX02,adult,154.6420323,5.103187067,-1.0,Left,-1,-0.19163468,left,-0.903143505195588
EX02,adult,155.6397229,5.136110855,-1.0,Left,-1,-0.18054527,left,-0.8508808755762634
EX02,adult,156.6374134,5.169034642,-1.0,Left,-1,-0.17991732,left,-0.8479214488178094
EX02,adult,157.6351039,5.20195843,-1.0,Left,-1,-0.16744013,left,-0.7891184586738571
EX02,adult,158.6327945,5.234882217,-1.0,Left,-1,-0.16732243,left,-0.7885637373344245
EX02,adult,159.630485,5.267806005,-1.0,Left,-1,-0.18335758,left,-0.8641348460930945
EX02,adult,160.6281755,5.300729792,-1.0,Left,-1,-0.16527764,left,-0.7789270078293029
EX02,adult,161.6258661,5.33365358,-1.0,Left,-1,-0.16527897,left,-0.7789332580127704
EX02,adult,162.6235566,5.366577367,-1.0,Left,-1,-0.16642334,left,-0.7843264640773865
EX02,adult,163.6212471,5.399501155,-1.0,Left,-1,-0.16308507,left,-0.7685937691148518
EX02,adult,164.6189376,5.432424942,-1.0,Left,-1,-0.16807103,left,-0.7920917903348568
EX02,adult,165.6166282,5.46534873,-0.977272727,Left,-1,-0.16523024,left,-0.7787036164404264
EX02,adult,166.6143187,5.498272517,-0.954545455,Left,-1,-0.17104393,left,-0.8061025948654954
EX02,adult,167.6120092,5.531196305,-0.931818182,Left,-1,-0.18201694,left,-0.8578166128752936
EX02,adult,168.6096998,5.564120092,-0.909090909,Left,-1,-0.16413541,left,-0.7735438441943029
EX02,adult,169.6073903,5.59704388,-0.886363636,Left,-1,-0.18094662,left,-0.8527723636831475
EX02,adult,170.6050808,5.629967667,-0.863636364,Left,-1,-0.16733654,left,-0.7886302420955896
EX02,adult,171.6027714,5.662891455,-0.840909091,Left,-1,-0.15315333,left,-0.7217870580751597
EX02,adult,172.6004619,5.695815242,-0.818181818,Left,-1,-0.14709544,left,-0.693237203170711
EX02,adult,173.5981524,5.72873903,-0.795454545,Centre,0,-0.15275359,left,-0.7199031544605734
EX02,adult,174.595843,5.761662818,-0.772727273,Centre,0,-0.14298593,left,-0.6738697105013335
EX02,adult,175.5935335,5.794586605,-0.75,Centre,0,-0.15031627,left,-0.7084164408758628
EX02,adult,176.591224,5.827510393,-0.727272727,Centre,0,-0.14284797,left,-0.6732195509671562
EX02,adult,177.5889145,5.86043418,-0.704545455,Centre,0,-0.1317876,left,-0.6210937933430911
EX02,adult,178.5866051,5.893357968,-0.681818182,Centre,0,-0.1289183,left,-0.6075712756175006
EX02,adult,179.5842956,5.926281755,-0.659090909,Centre,0,-0.1278858,left,-0.6027052619943478
EX02,adult,180.5819861,5.959205543,-0.636363636,Centre,0,-0.124441795,left,-0.5864742026837586
EX02,adult,181.5796767,5.99212933,-0.613636364,Centre,0,-0.12142897,left,-0.5722752254946809
EX02,adult,182.5773672,6.025053118,-0.590909091,Centre,0,-0.11556442,left,-0.5446365630676518
EX02,adult,183.5750577,6.057976905,-0.568181818,Centre,0,-0.10754883,left,-0.5068603839635181
EX02,adult,184.5727483,6.090900693,-0.545454545,Centre,0,-0.100947656,left,-0.47575009575421523
EX02,adult,185.5704388,6.12382448,-0.522727273,Centre,0,-0.09730498,left,-0.45858273789216564
EX02,adult,186.5681293,6.156748268,-0.5,Centre,0,-0.07952519,left,-0.37478944255526603
EX02,adult,187.5658199,6.189672055,-0.477272727,Centre,0,-0.09177227,left,-0.43250799075422297
EX02,adult,188.5635104,6.222595843,-0.454545455,Centre,0,-0.08932402,left,-0.4209697658259912
EX02,adult,189.5612009,6.25551963,-0.431818182,Centre,0,-0.08538068,left,-0.40238544221312117
EX02,adult,190.5588915,6.288443418,-0.409090909,Centre,0,-0.09315312,left,-0.4390156958259028
EX02,adult,191.556582,6.321367206,-0.386363636,Centre,0,-0.086790554,left,-0.4090299490532798
EX02,adult,192.5542725,6.354290993,-0.363636364,Centre,0,-0.0862052,left,-0.40627126554698023
EX02,adult,193.551963,6.387214781,-0.340909091,Centre,0,-0.07704046,left,-0.36307933758167904
EX02,adult,194.5496536,6.420138568,-0.318181818,Centre,0,-0.07306782,left,-0.3443569130048902
EX02,adult,195.5473441,6.453062356,-0.295454545,Centre,0,-0.081493795,left,-0.3840671727583015
EX02,adult,196.5450346,6.485986143,-0.272727273,Centre,0,-0.07377729,left,-0.34770051536625163
EX02,adult,197.5427252,6.518909931,-0.25,Centre,0,-0.055485897,left,-0.261496123973302
EX02,adult,198.5404157,6.551833718,-0.227272727,Centre,0,-0.05059394,left,-0.23844111084159633
EX02,adult,199.5381062,6.584757506,-0.204545455,Centre,0,-0.051324442,left,-0.24188385586037567
EX02,adult,200.5357968,6.617681293,-0.181818182,Centre,0,-0.049752645,left,-0.23447622970955187
EX02,adult,201.5334873,6.650605081,-0.159090909,Centre,0,-0.04430861,left,-0.20881936702917261
EX02,adult,202.5311778,6.683528868,-0.136363636,Centre,0,-0.037247505,left,-0.17554151168201426
EX02,adult,203.5288684,6.716452656,-0.113636364,Centre,0,-0.033167277,left,-0.15631204974977495
EX02,adult,204.5265589,6.749376443,-0.090909091,Centre,0,-0.0284636,left,-0.13414437832515028
EX02,adult,205.5242494,6.782300231,-0.068181818,Centre,0,-0.029034847,left,-0.13683657462697993
EX02,adult,206.52194,6.815224018,-0.045454545,Centre,0,-0.027329892,left,-0.12880139318696293
EX02,adult,207.5196305,6.848147806,-0.022727273,Centre,0,-0.015655126,left,-0.07378009761803402
EX02,adult,208.517321,6.881071594,-0.022727273,Centre,0,-0.012964268,left,-0.061098514865113314
EX02,adult,209.5150115,6.913995381,-0.022727273,Centre,0,-0.015247396,left,-0.07185853050321281
EX02,adult,210.5127021,6.946919169,-0.022727273,Centre,0,-0.015014104,left,-0.07075906002718338
EX02,adult,211.5103926,6.979842956,-0.022727273,Centre,0,-0.017397366,left,-0.0819909952412929
EX02,adult,212.5080831,7.012766744,-0.022727273,Centre,0,0.0078102527,right,0.04244243348667183
EX02,adult,213.5057737,7.045690531,-0.022727273,Centre,0,0.0059601543,right,0.03238863882658925
EX02,adult,214.5034642,7.078614319,-0.022727273,Centre,0,0.0077801594,right,0.042278900307197935
EX02,adult,215.5011547,7.111538106,-0.022727273,Centre,0,-0.006073339,left,-0.02862267129751421
EX02,adult,216.4988453,7.144461894,-0.022727273,Centre,0,-0.0048315073,left,-0.022770118445190314
EX02,adult,217.4965358,7.177385681,-0.022727273,Centre,0,0.009196161,right,0.049973730434928365
EX02,adult,218.4942263,7.210309469,0.0,Centre,0,0.008791361,right,0.04777396687619698
EX02,adult,219.4919169,7.243233256,0.0,Centre,0,0.00834901,right,0.04537014427541104
EX02,adult,220.4896074,7.276157044,0.0,Centre,0,0.0019427761,right,0.01055742371248664
EX02,adult,221.4872979,7.309080831,0.0,Centre,0,-0.0077905455,left,-0.036715590124064036
EX02,adult,222.4849885,7.342004619,0.0,Centre,0,-0.00672821,left,-0.03170897370793609
EX02,adult,223.482679,7.374928406,0.0,Centre,0,-0.005989716,left,-0.02822856957809576
EX02,adult,224.4803695,7.407852194,0.0,Centre,0,-0.017626664,left,-0.08307163616179183
EX02,adult,225.47806,7.440775982,0.0,Centre,0,-0.018039187,left,-0.08501579435407584
EX02,adult,226.4757506,7.473699769,0.0,Centre,0,-0.0142843975,left,-0.06732007214116258
EX02,adult,227.4734411,7.506623557,0.0,Centre,0,-0.011337344,left,-0.05343108035053276
EX02,adult,228.4711316,7.539547344,0.0,Blink,0,-0.0112377405,left,-0.052961666992753016
EX02,adult,229.4688222,7.572471132,0.0,Blink,0,-0.124237806,left,-0.5855128331716479
EX02,adult,230.4665127,7.605394919,0.0,Blink,0,0.028556278,right,0.15518037280777225
EX02,adult,231.4642032,7.638318707,0.0,Blink,0,-0.2121863,left,-1.0
EX02,adult,232.4618938,7.671242494,0.0,Centre,0,-0.07626468,left,-0.35942319093355407
EX02,adult,233.4595843,7.704166282,0.0,Centre,0,-0.004054397,left,-0.019107721613597927
EX02,adult,234.4572748,7.737090069,0.0,Centre,0,0.0064645577,right,0.0351296649455798
EX02,adult,235.4549654,7.770013857,0.0,Centre,0,-0.001320129,left,-0.006221556178755809
EX02,adult,236.4526559,7.802937644,0.0,Centre,0,-0.010898188,left,-0.051361409344740594
EX02,adult,237.4503464,7.835861432,0.0,Centre,0,-0.030956319,left,-0.1458921599664934
EX02,adult,238.448037,7.868785219,0.0,Centre,0,-0.0091919005,left,-0.043319951386213446
EX02,adult,239.4457275,7.901709007,0.0,Centre,0,-0.022645127,left,-0.10672284832518258
EX02,adult,240.443418,7.934632794,0.0,Centre,0,-0.033243973,left,-0.15667350698917987
EX02,adult,241.4411085,7.967556582,0.0,Centre,0,-0.035070635,left,-0.1652822744375502
EX02,adult,242.4387991,8.00048037,0.0,Centre,0,-0.026380476,left,-0.1243269465353688
EX02,adult,243.4364896,8.033404157,0.0,Centre,0,-0.015827699,left,-0.07459340274173779
EX02,adult,244.4341801,8.066327945,0.0,Centre,0,-0.029841522,left,-0.14063830139115038
EX02,adult,245.4318707,8.099251732,0.0,Centre,0,-0.02340759,left,-0.11031621223151072
EX02,adult,246.4295612,8.13217552,0.0,Centre,0,-0.023801206,left,-0.11217126141764555
EX02,adult,247.4272517,8.165099307,0.0,Centre,0,-0.017866349,left,-0.08420123392667003
EX02,adult,248.4249423,8.198023095,0.0,Right,1,-0.0071591097,left,-0.03373973468813902
EX02,adult,249.4226328,8.230946882,0.022727273,Right,1,-0.0150679,left,-0.07101259187242996
EX02,adult,250.4203233,8.26387067,0.045454545,Right,1,-0.008672318,left,-0.040871244500014114
EX02,adult,251.4180139,8.296794457,0.068181818,Right,1,-0.0021385185,left,-0.010078494359946802
EX02,adult,252.4157044,8.329718245,0.090909091,Right,1,-0.00221575,left,-0.010442474276983693
EX02,adult,253.4133949,8.362642032,0.113636364,Right,1,0.00032836775,right,0.0017844142714966687
EX02,adult,254.4110855,8.39556582,0.136363636,Right,1,0.0034559842,right,0.018780490682234967
EX02,adult,255.408776,8.428489607,0.159090909,Right,1,0.014833808,right,0.08060979967637208
EX02,adult,256.4064665,8.461413395,0.181818182,Right,1,0.017535051,right,0.09528888201314285
EX02,adult,257.404157,8.494337182,0.204545455,Right,1,0.030483874,right,0.16565530241347592
EX02,adult,258.4018476,8.52726097,0.227272727,Right,1,0.023290144,right,0.12656317728673866
EX02,adult,259.3995381,8.560184758,0.25,Right,1,0.028176244,right,0.1531151961068126
EX02,adult,260.3972286,8.593108545,0.25,Right,1,0.028582113,right,0.15532076461894767
EX02,adult,261.3949192,8.626032333,0.272727273,Right,1,0.015729163,right,0.08547533246036011
EX02,adult,262.3926097,8.65895612,0.295454545,Right,1,0.02379721,right,0.1293186727708392
EX02,adult,263.3903002,8.691879908,0.318181818,Right,1,0.033937726,right,0.1844242097590913
EX02,adult,264.3879908,8.724803695,0.340909091,Right,1,0.03673671,right,0.19963444280180515
EX02,adult,265.3856813,8.757727483,0.363636364,Right,1,0.06059704,right,0.3292961088612882
EX02,adult,266.3833718,8.79065127,0.386363636,Right,1,0.057005767,right,0.3097804324707493
EX02,adult,267.3810624,8.823575058,0.409090909,Right,1,0.056291506,right,0.3058989987098124
EX02,adult,268.3787529,8.856498845,0.431818182,Right,1,0.05166266,right,0.28074495640140906
EX02,adult,269.3764434,8.889422633,0.454545455,Right,1,0.070723176,right,0.38432350419256306
EX02,adult,270.3741339,8.92234642,0.477272727,Right,1,0.08423925,right,0.4577724914969326
EX02,adult,271.3718245,8.955270208,0.5,Right,1,0.08260274,right,0.44887936361434555
EX02,adult,272.369515,8.988193995,0.522727273,Right,1,0.0911158,right,0.49514100601269684
EX02,adult,273.3672055,9.021117783,0.545454545,Right,1,0.089587145,right,0.48683398104534426
EX02,adult,274.3648961,9.05404157,0.568181818,Right,1,0.1040039,right,0.5651774297419455
EX02,adult,275.3625866,9.086965358,0.590909091,Right,1,0.09126813,right,0.4959687812338883
EX02,adult,276.3602771,9.119889145,0.613636364,Right,1,0.10260308,right,0.5575650962514921
EX02,adult,277.3579677,9.152812933,0.636363636,Right,1,0.10047202,right,0.5459845026874657
EX02,adult,278.3556582,9.185736721,0.636363636,Right,1,0.097855724,right,0.5317670533234619
EX02,adult,279.3533487,9.218660508,0.659090909,Right,1,0.107238576,right,0.5827552942592118
EX02,adult,280.3510393,9.251584296,0.681818182,Right,1,0.103863284,right,0.5644133015076805
EX02,adult,281.3487298,9.284508083,0.704545455,Right,1,0.09877026,right,0.5367368222193089
EX02,adult,282.3464203,9.317431871,0.727272727,Right,1,0.103978336,right,0.5650385157393087
EX02,adult,283.3441109,9.350355658,0.75,Right,1,0.13827612,right,0.7514193237596712
EX02,adult,284.3418014,9.383279446,0.772727273,Right,1,0.09862431,right,0.5359437046449426
EX02,adult,285.3394919,9.416203233,0.795454545,Right,1,0.12539496,right,0.6814205942701355
EX02,adult,286.3371824,9.449127021,0.818181818,Right,1,0.122837245,right,0.6675215013044798
EX02,adult,287.334873,9.482050808,0.840909091,Right,1,0.12535259,right,0.6811903800413414
EX02,adult,288.3325635,9.514974596,0.863636364,Right,1,0.1626342,right,0.8837858652998166
EX02,adult,289.330254,9.547898383,0.886363636,Right,1,0.16558604,right,0.8998267684489416
EX02,adult,290.3279446,9.580822171,0.909090909,Right,1,0.12826264,right,0.6970041460424652
EX02,adult,291.3256351,9.613745958,0.931818182,Right,1,0.13692483,right,0.7440761943506902
EX02,adult,292.3233256,9.646669746,0.954545455,Right,1,0.16500893,right,0.8966906562903184
EX02,adult,293.3210162,9.679593533,0.977272727,Right,1,0.1257582,right,0.6833945415987718
EX02,adult,294.3187067,9.712517321,1.0,Right,1,0.13394076,right,0.7278601405238018
EX02,adult,295.3163972,9.745441109,1.0,Right,1,0.118476585,right,0.6438248211426545
EX02,adult,296.3140878,9.778364896,1.0,Right,1,0.12699391,right,0.6901096226227628
EX02,adult,297.3117783,9.811288684,1.0,Right,1,0.11947953,right,0.6492750195212434
EX02,adult,298.3094688,9.844212471,1.0,Right,1,0.12927784,right,0.7025209470250581
EX02,adult,299.3071594,9.877136259,1.0,Right,1,0.12923256,right,0.7022748615374375
EX02,adult,300.3048499,9.910060046,1.0,Right,1,0.14975329,right,0.8137885123990566
EX02,adult,301.3025404,9.942983834,1.0,Right,1,0.1345525,right,0.731184440465653
EX02,adult,302.3002309,9.975907621,1.0,Right,1,0.1277625,right,0.6942862739442435
EX02,adult,303.2979215,10.00883141,1.0,Right,1,0.14269032,right,0.7754069500080449
EX02,adult,304.295612,10.0417552,1.0,Right,1,0.12898356,right,0.700921755746671
EX02,adult,305.2933025,10.07467898,1.0,Right,1,0.12964216,right,0.7045007246120388
EX02,adult,306.2909931,10.10760277,1.0,Right,1,0.13030767,right,0.7081172662534039
EX02,adult,307.2886836,10.14052656,1.0,Right,1,0.13432293,right,0.7299369271315688
EX02,adult,308.2863741,10.17345035,1.0,Right,1,0.13480389,right,0.7325505833618841
EX02,adult,309.2840647,10.20637413,1.0,Right,1,0.1361842,right,0.7400514536494057
EX02,adult,310.2817552,10.23929792,1.0,Right,1,0.17667384,right,0.960080059164166
EX02,adult,311.2794457,10.27222171,1.0,Right,1,0.17704216,right,0.9620815382683178
EX02,adult,312.2771363,10.3051455,1.0,Right,1,0.17518274,right,0.9519771337267732
EX02,adult,313.2748268,10.33806928,1.0,Right,1,0.17567809,right,0.9546689316140657
EX02,adult,314.2725173,10.37099307,1.0,Right,1,0.17709489,right,0.9623681116611078
EX02,adult,315.2702079,10.40391686,1.0,Right,1,0.15046595,right,0.8176612615043346
EX02,adult,316.2678984,10.43684065,1.0,Right,1,0.15307744,right,0.831852596169504
EX02,adult,317.2655889,10.46976443,1.0,Right,1,0.15445216,right,0.8393231005281485
EX02,adult,318.2632794,10.50268822,1.0,Right,1,0.15217249,right,0.8269349352076102
EX02,adult,319.26097,10.53561201,1.0,Right,1,0.15251657,right,0.8288047476441505
EX02,adult,320.2586605,10.5685358,1.0,Right,1,0.1439625,right,0.782320259815746
EX02,adult,321.256351,10.60145958,1.0,Right,1,0.13894378,right,0.7550475259177252
EX02,adult,322.2540416,10.63438337,1.0,Right,1,0.1413446,right,0.7680941055521308
EX02,adult,323.2517321,10.66730716,1.0,Right,1,0.17966005,right,0.9763076925319331
EX02,adult,324.2494226,10.70023095,1.0,Right,1,0.18085581,right,0.9828056774084049
EX02,adult,325.2471132,10.73315473,1.0,Right,1,0.17893434,right,0.972364008616798
EX02,adult,326.2448037,10.76607852,1.0,Right,1,0.14359125,right,0.7803028284769575
EX02,adult,327.2424942,10.79900231,1.0,Right,1,0.18401991,right,1.0
EX02,adult,328.2401848,10.8319261,1.0,Right,1,0.13454077,right,0.7311207125029161
EX02,adult,329.2378753,10.86484988,1.0,Right,1,0.17726639,right,0.9633000622623006
EX02,adult,330.2355658,10.89777367,1.0,Centre,0,0.1705981,right,0.9270633061597409
EX02,adult,331.2332564,10.93069746,1.0,Centre,0,0.1685954,right,0.9161802382259755
EX02,adult,332.2309469,10.96362125,1.0,Centre,0,0.15984933,right,0.8686523770813516
EX02,adult,333.2286374,10.99654503,1.0,Centre,0,0.1575702,right,0.8562671268899855
EX02,adult,334.2263279,11.02946882,0.977272727,Centre,0,0.1520665,right,0.8263589542686682
EX02,adult,335.2240185,11.06239261,0.954545455,Centre,0,0.14456119,right,0.7855736249477402
EX02,adult,336.221709,11.0953164,0.931818182,Centre,0,0.1332233,right,0.7239613172075945
EX02,adult,337.2193995,11.12824018,0.909090909,Centre,0,0.13298921,right,0.7226892682029775
EX02,adult,338.2170901,11.16116397,0.886363636,Centre,0,0.13042991,right,0.7087815108256156
EX02,adult,339.2147806,11.19408776,0.886363636,Centre,0,0.1292339,right,0.702282149360368
EX02,adult,340.2124711,11.22701155,0.863636364,Centre,0,0.12332274,right,0.6701597741811381
EX02,adult,341.2101617,11.25993533,0.840909091,Centre,0,0.11621716,right,0.6315466614604619
EX02,adult,342.2078522,11.29285912,0.818181818,Centre,0,0.105086476,right,0.5710603628509866
EX02,adult,343.2055427,11.32578291,0.795454545,Centre,0,0.105220966,right,0.5717912100272022
EX02,adult,344.2032333,11.3587067,0.772727273,Centre,0,0.10260707,right,0.5575867977686629
EX02,adult,345.2009238,11.39163048,0.75,Centre,0,0.10370829,right,0.5635710316164383
EX02,adult,346.1986143,11.42455427,0.727272727,Centre,0,0.0962999,right,0.523312409453861
EX02,adult,347.1963048,11.45747806,0.704545455,Centre,0,0.095712416,right,0.5201198976433367
EX02,adult,348.1939954,11.49040185,0.681818182,Centre,0,0.09279652,right,0.5042743486366548
EX02,adult,349.1916859,11.52332564,0.659090909,Centre,0,0.0949353,right,0.5158968876704368
EX02,adult,350.1893764,11.55624942,0.636363636,Centre,0,0.09109823,right,0.4950454950444019
EX02,adult,351.187067,11.58917321,0.613636364,Centre,0,0.082218446,right,0.44679103795360525
EX02,adult,352.1847575,11.622097,0.590909091,Centre,0,0.06703176,right,0.3642636501125928
EX02,adult,353.182448,11.65502079,0.568181818,Centre,0,0.08047407,right,0.43731176666787863
EX02,adult,354.1801386,11.68794457,0.545454545,Centre,0,0.088398844,right,0.4803765245619472
EX02,adult,355.1778291,11.72086836,0.522727273,Centre,0,0.046767775,right,0.25414519221916393
EX02,adult,356.1755196,11.75379215,0.5,Centre,0,0.048985656,right,0.2661975913421311
EX02,adult,357.1732102,11.78671594,0.5,Centre,0,0.034214698,right,0.18592932738981682
EX02,adult,358.1709007,11.81963972,0.477272727,Centre,0,0.034171555,right,0.18569488217493252
EX02,adult,359.1685912,11.85256351,0.454545455,Centre,0,0.02966788,right,0.16122103667337767
EX02,adult,360.1662818,11.8854873,0.431818182,Centre,0,0.023413181,right,0.12723178443073235
EX02,adult,361.1639723,11.91841109,0.409090909,Centre,0,0.019487947,right,0.10590129842282604
EX02,adult,362.1616628,11.95133487,0.386363636,Centre,0,0.015255386,right,0.08290073693655715
EX02,adult,363.1593533,11.98425866,0.363636364,Centre,0,0.020401945,right,0.1108681420675246
EX02,adult,364.1570439,12.01718245,0.340909091,Centre,0,0.017826136,right,0.09687069385823581
EX02,adult,365.1547344,12.05010624,0.318181818,Centre,0,0.011030281,right,0.05994069372138669
EX02,adult,366.1524249,12.08303002,0.295454545,Centre,0,0.018840268,right,0.10238168482643685
EX02,adult,367.1501155,12.11595381,0.272727273,Centre,0,0.01031176,right,0.0560361110006691
EX02,adult,368.147806,12.1488776,0.25,Centre,0,0.008717592,right,0.04737309106612509
EX02,adult,369.1454965,12.18180139,0.227272727,Centre,0,0.006124206,right,0.033280126827553186
EX02,adult,370.1431871,12.21472517,0.204545455,Centre,0,-0.0059015653,left,-0.027813129890329646
EX02,adult,371.1408776,12.24764896,0.181818182,Centre,0,-0.007516506,left,-0.03542408671125318
EX02,adult,372.1385681,12.28057275,0.159090909,Centre,0,-0.0142718805,left,-0.0672610816455146
EX02,adult,373.1362587,12.31349654,0.136363636,Centre,0,-0.013667344,left,-0.06441199871597354
EX02,adult,374.1339492,12.34642032,0.113636364,Centre,0,-0.015221031,left,-0.07173427738258047
EX02,adult,375.1316397,12.37934411,0.113636364,Centre,0,-0.014840465,left,-0.0699407292994977
EX02,adult,376.1293303,12.4122679,0.090909091,Centre,0,-0.020067452,left,-0.09457467747297639
EX02,adult,377.1270208,12.44519169,0.068181818,Centre,0,-0.013863086,left,-0.06533449770505904
EX02,adult,378.1247113,12.47811547,0.045454545,Centre,0,-0.027697941,left,-0.13053595077439772
EX02,adult,379.1224018,12.51103926,0.0,Centre,0,-0.022040056,left,-0.1038712460098899
EX02,adult,380.1200924,12.54396305,0.0,Centre,0,-0.022371354,left,-0.10543259802148687
EX02,adult,381.1177829,12.57688684,0.0,Centre,0,-0.018945197,left,-0.08928567039397645
EX02,adult,382.1154734,12.60981062,0.0,Centre,0,-0.013299295,left,-0.06267744112853875
EX02,adult,383.113164,12.64273441,0.0,Centre,0,-0.01960566,left,-0.09239833198755414
EX02,adult,384.1108545,12.6756582,0.0,Centre,0,-0.014529941,left,-0.06847727780913794
EX02,adult,385.108545,12.70858199,0.0,Centre,0,-0.024482174,left,-0.11538055506123705
EX02,adult,386.1062356,12.74150577,0.0,Centre,0,-0.023819579,left,-0.11225785103804312
EX02,adult,387.1039261,12.77442956,0.0,Centre,0,-0.024888573,left,-0.11729585004672188
EX02,adult,388.1016166,12.80735335,0.0,Centre,0,-0.010573815,left,-0.049832690840222696
EX02,adult,389.0993072,12.84027714,0.0,Centre,0,-0.011733889,left,-0.05529993348821616
EX02,adult,390.0969977,12.87320092,0.0,Centre,0,-0.013728596,left,-0.06470067028652948
EX02,adult,391.0946882,12.90612471,0.0,Centre,0,-0.013595704,left,-0.06407437030103832
EX02,adult,392.0923788,12.9390485,0.0,Centre,0,-0.006488792,left,-0.030580635635933696
EX02,adult,393.0900693,12.97197229,0.0,Centre,0,-0.009295764,left,-0.04380944521405193
EX02,adult,394.0877598,13.00489607,0.0,Centre,0,-0.007942611,left,-0.03743225222481952
EX02,adult,395.0854503,13.03781986,0.0,Centre,0,-0.0059452406,left,-0.028018964584072763
EX02,adult,396.0831409,13.07074365,0.0,Centre,0,-0.008118913,left,-0.03826313160035175
EX02,adult,397.0808314,13.10366744,0.0,Centre,0,-0.010368751,left,-0.048866260610739835
EX02,adult,398.0785219,13.13659122,0.0,Centre,0,-0.005351889,left,-0.025222593437082632
EX02,adult,399.0762125,13.16951501,0.0,Centre,0,-0.0067375316,left,-0.03175290494833345
EX02,adult,400.073903,13.2024388,0.0,Centre,0,-0.01748525,left,-0.0824051752361832
EX02,adult,401.0715935,13.23536259,0.0,Centre,0,-0.008053666,left,-0.03795563486343911
EX02,adult,402.0692841,13.26828637,0.0,Centre,0,-0.008650481,left,-0.040768327153142554
EX02,adult,403.0669746,13.30121016,0.0,Centre,0,-0.0033798178,left,-0.015928538799453523
EX02,adult,404.0646651,13.33413395,0.0,Centre,0,-0.006036321,left,-0.02844821261256124
EX02,adult,405.0623557,13.36705774,0.0,Centre,0,-0.0071114395,left,-0.033515072633452304
EX02,adult,406.0600462,13.39998152,0.0,Centre,0,-0.012426843,left,-0.058565715798399136
EX02,adult,407.0577367,13.43290531,0.0,Centre,0,-0.011169565,left,-0.052640366304291794
EX02,adult,408.0554273,13.4658291,0.0,Centre,0,-0.011931495,left,-0.05623121960321588
EX02,adult,409.0531178,13.49875289,0.0,Centre,0,-0.00793915,left,-0.03741593766586688
EX02,adult,410.0508083,13.53167667,0.0,Centre,0,-0.008377773,left,-0.03948309806425498
EX02,adult,411.0484988,13.56460046,0.0,Centre,0,-0.013561083,left,-0.06391120715481677
EX02,adult,412.0461894,13.59752425,0.0,Centre,0,-0.007456851,left,-0.03514294257373566
EX02,adult,413.0438799,13.63044804,0.0,Centre,0,-0.018518025,left,-0.0872724792764282
EX02,adult,414.0415704,13.66337182,0.0,Centre,0,-0.01709137,left,-0.08054887952469392
EX02,adult,415.039261,13.69629561,0.0,Centre,0,-0.025190575,left,-0.11871913620779037
EX02,adult,416.0369515,13.7292194,0.0,Centre,0,-0.02598393,left,-0.12245808900851163
EX02,adult,417.034642,13.76214319,0.0,Centre,0,-0.02868198,left,-0.135173569350561
EX02,adult,418.0323326,13.79506697,0.0,Centre,0,-0.02559431,left,-0.12062187815625487
EX02,adult,419.0300231,13.82799076,0.0,Centre,0,-0.018606707,left,-0.08769042518242459
EX02,adult,420.0277136,13.86091455,0.0,Centre,0,-0.021302626,left,-0.10039585431651013
EX02,adult,421.0254042,13.89383834,0.0,Centre,0,-0.02386219,left,-0.11245867329532566
EX02,adult,422.0230947,13.92676212,0.0,Centre,0,-0.027791686,left,-0.1309777562290803
EX02,adult,423.0207852,13.95968591,0.0,Centre,0,-0.014539261,left,-0.06852120466036152
EX02,adult,424.0184758,13.9926097,0.0,Centre,0,-0.011801267,left,-0.055617477043918846
EX02,adult,425.0161663,14.02553349,0.0,Centre,0,-0.029480396,left,-0.13893637292162087
EX02,adult,426.0138568,14.05845727,0.0,Centre,0,-0.025102425,left,-0.11830370090919803
EX02,adult,427.0115473,14.09138106,0.0,Centre,0,-0.015550197,left,-0.07328558257538739
EX02,adult,428.0092379,14.12430485,0.0,Centre,0,-0.010472881,left,-0.049357005353106574
EX02,adult,429.0069284,14.15722864,0.0,Centre,0,-0.011206582,left,-0.05281482279465788
EX02,adult,430.0046189,14.19015242,0.0,Centre,0,-0.012222845,left,-0.05760430678372441
EX02,adult,431.0023095,14.22307621,0.0,Centre,0,-0.011260112,left,-0.053067099336202427
EX02,adult,432.0,14.256,0.0,,0,-0.009587646,left,-0.04518503861279074
EX03,adult,0.0,0.0,0.0,Centre,0,0.12609482,right,0.33960550109156734
EX03,adult,1.0,0.033,0.0,Centre,0,0.13767159,right,0.37078469961250343
EX03,adult,2.0,0.066,0.0,Centre,0,0.14105007,right,0.37988380962333845
EX03,adult,3.0,0.099,0.0,Centre,0,0.08154679,right,0.21962630343749595
EX03,adult,4.0,0.132,0.0,Centre,0,0.07982852,right,0.2149985700744966
EX03,adult,5.0,0.165,0.0,Centre,0,0.063773386,right,0.17175799207155873
EX03,adult,6.0,0.198,0.0,Centre,0,0.045756303,right,0.12323339185473016
EX03,adult,7.0,0.231,0.0,Centre,0,0.050515905,right,0.13605221447421723
EX03,adult,8.0,0.264,0.0,Centre,0,0.065890335,right,0.17745947387249592
EX03,adult,9.0,0.297,0.0,Centre,0,0.07453682,right,0.2007466715403729
EX03,adult,10.0,0.33,0.0,Centre,0,0.097059175,right,0.261405110697424
EX03,adult,11.0,0.363,0.0,Centre,0,0.0931723,right,0.2509367557153476
EX03,adult,12.0,0.396,0.0,Centre,0,0.099216595,right,0.26721559271355233
EX03,adult,13.0,0.429,0.0,Centre,0,0.08592743,right,0.23142447308469244
EX03,adult,14.0,0.462,0.0,Centre,0,0.06292624,right,0.1694764120885573
EX03,adult,15.0,0.495,0.0,Centre,0,0.07033782,right,0.18943767848484244
EX03,adult,16.0,0.528,0.0,Centre,0,0.057308834,right,0.1543473046245388
EX03,adult,17.0,0.561,0.0,Centre,0,0.052380387,right,0.1410737392074336
EX03,adult,18.0,0.594,0.0,Centre,0,0.022861639,right,0.06157222395996498
EX03,adult,19.0,0.627,0.0,Centre,0,0.023934893,right,0.06446277140993384
EX03,adult,20.0,0.66,0.0,Centre,0,0.039068308,right,0.10522091566441451
EX03,adult,21.0,0.693,0.0,Centre,0,0.03896045,right,0.10493042567634112
EX03,adult,22.0,0.726,0.0,Centre,0,0.04995824,right,0.13455028100464167
EX03,adult,23.0,0.759,0.0,Centre,0,0.0446202,right,0.120173580033408
EX03,adult,24.0,0.792,0.0,Centre,0,0.045077197,right,0.12140438750748374
EX03,adult,25.0,0.825,0.0,Centre,0,0.05222033,right,0.14064266462664496
EX03,adult,26.0,0.858,0.0,Centre,0,0.051657073,right,0.13912567138875184
EX03,adult,27.0,0.891,0.0,Centre,0,0.05216946,right,0.140505661870898
EX03,adult,28.0,0.924,0.0,Centre,0,0.052256547,right,0.14074020697680037
EX03,adult,29.0,0.957,0.0,Centre,0,0.05222166,right,0.14064624646361323
EX03,adult,30.0,0.99,0.0,Centre,0,0.059478775,right,0.16019150808058408
EX03,adult,31.0,1.023,0.0,Centre,0,0.059592225,right,0.16049705783697502
EX03,adult,32.0,1.056,0.0,Centre,0,0.046452187,right,0.12510758554008602
EX03,adult,33.0,1.089,0.0,Centre,0,0.046996005,right,0.1265722257659332
EX03,adult,34.0,1.122,0.0,Centre,0,0.044038035,right,0.1186056584917308
EX03,adult,35.0,1.155,0.0,Centre,0,0.040590037,right,0.1093193197423389
EX03,adult,36.0,1.188,0.0,Centre,0,0.05367894,right,0.14457107692934995
EX03,adult,37.0,1.221,0.0,Centre,0,0.05619909,right,0.15135847738739167
EX03,adult,38.0,1.254,0.0,Centre,0,0.05657087,right,0.1523597764002655
EX03,adult,39.0,1.287,0.0,Centre,0,0.057240922,right,0.15416440017655145
EX03,adult,40.0,1.32,0.0,Centre,0,0.05892484,right,0.1586996178009391
EX03,adult,41.0,1.353,0.0,Centre,0,0.05375591,right,0.14477837198145455
EX03,adult,42.0,1.386,0.0,Centre,0,0.062236212,right,0.16761799052564993
EX03,adult,43.0,1.419,0.0,Centre,0,0.04924771,right,0.132636636946851
EX03,adult,44.0,1.452,0.0,Centre,0,0.06031927,right,0.16245517887874417
EX03,adult,45.0,1.485,0.0,Centre,0,0.060417004,right,0.1627183987467062
EX03,adult,46.0,1.518,0.0,Centre,0,0.074966386,right,0.20190359484796597
EX03,adult,47.0,1.551,0.0,Centre,0,0.054314904,right,0.1462838872879984
EX03,adult,48.0,1.584,0.0,Centre,0,0.052507687,right,0.1414165922407097
EX03,adult,49.0,1.617,0.0,Centre,0,0.059936043,right,0.1614230479751043
EX03,adult,50.0,1.65,0.0,Centre,0,0.060369868,right,0.16259144921404664
EX03,adult,51.0,1.683,0.0,Centre,0,0.046895605,right,0.12630182215772107
EX03,adult,52.0,1.716,0.0,Centre,0,0.047347274,right,0.1275182822176102
EX03,adult,53.0,1.749,0.0,Centre,0,0.052873872,right,0.14240282145210922
EX03,adult,54.0,1.782,0.0,Centre,0,0.043907005,right,0.11825276226852403
EX03,adult,55.0,1.815,0.0,Centre,0,0.043744817,right,0.11781594872206076
EX03,adult,56.0,1.848,0.0,Centre,0,0.024840368,right,0.06690144554512188
EX03,adult,57.0,1.881,0.0,Centre,0,0.02492133,right,0.06711949614128804
EX03,adult,58.0,1.914,0.0,Centre,0,0.024814537,right,0.06683187563605197
EX03,adult,59.0,1.947,0.0,Centre,0,0.015939286,right,0.04292856187700618
EX03,adult,60.0,1.98,0.0,Centre,0,0.012913136,right,0.034778367767528705
EX03,adult,61.0,2.013,0.0,Centre,0,0.027171168,right,0.07317888572724053
EX03,adult,62.0,2.046,0.0,Centre,0,0.02771818,right,0.07465212938502126
EX03,adult,63.0,2.079,0.0,Centre,0,0.025549836,right,0.0688122251366536
EX03,adult,64.0,2.112,0.0,Centre,0,0.03142876,right,0.08464567023935339
EX03,adult,65.0,2.145,0.0,Centre,0,0.03739771,right,0.10072156657549336
EX03,adult,66.0,2.178,0.0,Centre,0,0.0423914,right,0.11417085270033585
EX03,adult,67.0,2.211,0.0,Centre,0,0.042611644,right,0.11476402296196286
EX03,adult,68.0,2.244,0.0,Centre,0,0.034696996,right,0.09344785900862297
EX03,adult,69.0,2.277,0.0,Centre,0,0.03410471,right,0.0918526773799912
EX03,adult,70.0,2.31,0.0,Centre,0,0.051300474,right,0.13816525748973146
EX03,adult,71.0,2.343,0.0,Centre,0,0.01581039,right,0.042581409636052454
EX03,adult,72.0,2.376,0.0,Centre,0,0.015908128,right,0.042844644553749665
EX03,adult,73.0,2.409,0.0,Centre,0,0.034161434,right,0.09200545225818667
EX03,adult,74.0,2.442,0.0,Centre,0,0.034127876,right,0.09191507358196781
EX03,adult,75.0,2.475,0.0,Centre,0,0.03895166,right,0.1049067574595116
EX03,adult,76.0,2.508,0.0,Centre,0,0.06036348,right,0.16257424235017948
EX03,adult,77.0,2.541,0.0,Centre,0,0.060343504,right,0.16252044456355808
EX03,adult,78.0,2.574,0.0,Centre,0,0.05127198,right,0.13808851387356827
EX03,adult,79.0,2.607,0.0,Centre,0,0.05127198,right,0.13808851387356827
EX03,adult,80.0,2.64,0.0,Centre,0,0.05473595,right,0.14741787479920643
EX03,adult,81.0,2.673,0.0,Centre,0,0.05477377,right,0.1475197314067746
EX03,adult,82.0,2.706,0.0,Centre,0,0.05552185,right,0.14953449965168894
EX03,adult,83.0,2.739,0.0,Centre,0,0.046095323,right,0.12414645928693471
EX03,adult,84.0,2.772,0.0,Centre,0,0.045514487,right,0.12258211958222577
EX03,adult,85.0,2.805,0.0,Centre,0,0.041917622,right,0.11289484585499392
EX03,adult,86.0,2.838,0.0,Centre,0,0.056136508,right,0.1511899303867477
EX03,adult,87.0,2.871,0.0,Centre,0,0.055802282,right,0.15028977562731108
EX03,adult,88.0,2.904,0.0,Centre,0,0.045203168,right,0.1217436587037916
EX03,adult,89.0,2.937,0.0,Centre,0,0.045630068,right,0.12289340830429135
EX03,adult,90.0,2.97,0.0,Centre,0,0.031500403,right,0.08483861787727137
EX03,adult,91.0,3.003,0.0,Centre,0,0.031493478,right,0.08481996623882879
EX03,adult,92.0,3.036,-0.022727273,Centre,0,0.032053806,right,0.08632907341549767
EX03,adult,93.0,3.069,-0.045454545,Centre,0,0.032079373,right,0.08639793097043662
EX03,adult,94.0,3.102,-0.068181818,Left,-1,0.04061001,right,0.10937311752896031
EX03,adult,95.0,3.135,-0.090909091,Left,-1,0.025543444,right,0.06879500823962967
EX03,adult,96.0,3.168,-0.113636364,Left,-1,-0.01842002,left,-0.07852098650043873
EX03,adult,97.0,3.201,-0.136363636,Left,-1,-0.043051597,left,-0.18352063808901065
EX03,adult,98.0,3.234,-0.159090909,Left,-1,-0.053153235,left,-0.22658197209380088
EX03,adult,99.0,3.267,-0.181818182,Left,-1,-0.06526103,left,-0.27819515511835763
EX03,adult,100.0,3.3,-0.204545455,Left,-1,-0.15513925,left,-0.661328656341323
EX03,adult,101.0,3.333,-0.227272727,Left,-1,-0.13797198,left,-0.5881479007465088
EX03,adult,102.0,3.366,-0.25,Left,-1,-0.13389522,left,-0.5707694436126752
EX03,adult,103.0,3.399,-0.272727273,Left,-1,-0.13321133,left,-0.5678541578346328
EX03,adult,104.0,3.432,-0.295454545,Left,-1,-0.19808728,left,-0.844407777432366
EX03,adult,105.0,3.465,-0.318181818,Left,-1,-0.2054509,left,-0.875797519158182
EX03,adult,106.0,3.498,-0.340909091,Left,-1,-0.1866639,left,-0.795712119293024
EX03,adult,107.0,3.531,-0.363636364,Left,-1,-0.20094323,left,-0.8565821683729827
EX03,adult,108.0,3.564,-0.386363636,Left,-1,-0.20111874,left,-0.8573303160120237
EX03,adult,109.0,3.597,-0.409090909,Left,-1,-0.2251716,left,-0.9598630034830979
EX03,adult,110.0,3.63,-0.431818182,Left,-1,-0.22481261,left,-0.9583327245926128
EX03,adult,111.0,3.663,-0.454545455,Left,-1,-0.21980694,left,-0.9369945096456925
EX03,adult,112.0,3.696,-0.477272727,Left,-1,-0.23458722,left,-1.0
EX03,adult,113.0,3.729,-0.5,Left,-1,-0.23053469,left,-0.9827248276395644
EX03,adult,114.0,3.762,-0.522727273,Left,-1,-0.22254759,left,-0.9486773768614921
EX03,adult,115.0,3.795,-0.545454545,Left,-1,-0.22596976,left,-0.9632654300527692
EX03,adult,116.0,3.828,-0.568181818,Left,-1,-0.22087033,left,-0.9415275424156772
EX03,adult,117.0,3.861,-0.590909091,Left,-1,-0.22120164,left,-0.9429398632346987
EX03,adult,118.0,3.894,-0.613636364,Left,-1,-0.22478065,left,-0.958196472539145
EX03,adult,119.0,3.927,-0.636363636,Left,-1,-0.22106448,left,-0.9423551545390482
EX03,adult,120.0,3.96,-0.659090909,Left,-1,-0.22055821,left,-0.940197036349507
EX03,adult,121.0,3.993,-0.681818182,Left,-1,-0.15811534,left,-0.6740151517365118
EX03,adult,122.0,4.026,-0.704545455,Left,-1,-0.16648939,left,-0.7097121098919499
EX03,adult,123.0,4.059,-0.727272727,Left,-1,-0.16619031,left,-0.7084371845002713
EX03,adult,124.0,4.092,-0.75,Left,-1,-0.17015576,left,-0.7253411414758746
EX03,adult,125.0,4.125,-0.772727273,Left,-1,-0.17017333,left,-0.7254160324647038
EX03,adult,126.0,4.158,-0.795454545,Left,-1,-0.18035647,left,-0.7688247933256439
EX03,adult,127.0,4.191,-0.818181818,Left,-1,-0.18530329,left,-0.7899121012277167
EX03,adult,128.0,4.224,-0.840909091,Left,-1,-0.21469101,left,-0.9151863045152724
EX03,adult,129.0,4.257,-0.863636364,Left,-1,-0.213381,left,-0.909602002987763
EX03,adult,130.0,4.29,-0.886363636,Left,-1,-0.2137155,left,-0.9110278537309751
EX03,adult,131.0,4.323,-0.909090909,Left,-1,-0.20187588,left,-0.8605578698995521
EX03,adult,132.0,4.356,-0.931818182,Left,-1,-0.202278,left,-0.8622720414216406
EX03,adult,133.0,4.389,-0.954545455,Left,-1,-0.20765068,left,-0.8851747094337619
EX03,adult,134.0,4.422,-0.977272727,Left,-1,-0.19101177,left,-0.8142462733316556
EX03,adult,135.0,4.455,-1.0,Left,-1,-0.19078274,left,-0.8132699590837307
EX03,adult,136.0,4.488,-1.0,Left,-1,-0.21667479,left,-0.9236427612174187
EX03,adult,137.0,4.521,-1.0,Left,-1,-0.2181928,left,-0.9301137491851873
EX03,adult,138.0,4.554,-1.0,Left,-1,-0.20078026,left,-0.8558874417022245
EX03,adult,139.0,4.587,-1.0,Left,-1,-0.20029901,left,-0.8538359748869362
EX03,adult,140.0,4.62,-1.0,Left,-1,-0.21516691,left,-0.9172149673738265
EX03,adult,141.0,4.653,-1.0,Left,-1,-0.21500446,left,-0.9165224639300479
EX03,adult,142.0,4.686,-1.0,Left,-1,-0.2159845,left,-0.920700161507912
EX03,adult,143.0,4.719,-1.0,Left,-1,-0.21652645,left,-0.9230104119436326
EX03,adult,144.0,4.752,-1.0,Left,-1,-0.21684018,left,-0.9243477782530543
EX03,adult,145.0,4.785,-1.0,Left,-1,-0.21174821,left,-0.9026417145221567
EX03,adult,146.0,4.818,-1.0,Left,-1,-0.20764908,left,-0.8851679127112811
EX03,adult,147.0,4.851,-1.0,Left,-1,-0.21646094,left,-0.9227311746349874
EX03,adult,148.0,4.884,-1.0,Left,-1,-0.20582615,left,-0.8773970992096619
EX03,adult,149.0,4.917,-1.0,Left,-1,-0.20548604,left,-0.8759473011358403
EX03,adult,150.0,4.95,-1.0,Left,-1,-0.20170783,left,-0.8598414826459349
EX03,adult,151.0,4.983,-1.0,Left,-1,-0.20170464,left,-0.8598278892009735
EX03,adult,152.0,5.016,-1.0,Left,-1,-0.1965224,left,-0.8377370166402822
EX03,adult,153.0,5.049,-1.0,Left,-1,-0.1965224,left,-0.8377370166402822
EX03,adult,154.0,5.082,-1.0,Left,-1,-0.20006973,left,-0.8528585807859069
EX03,adult,155.0,5.115,-1.0,Left,-1,-0.20611082,left,-0.878610600015931
EX03,adult,156.0,5.148,-1.0,Left,-1,-0.20579046,left,-0.8772449669634823
EX03,adult,157.0,5.181,-1.0,Left,-1,-0.20016453,left,-0.8532626999300382
EX03,adult,158.0,5.214,-1.0,Left,-1,-0.21249284,left,-0.9058159109621733
EX03,adult,159.0,5.247,-1.0,Left,-1,-0.21249284,left,-0.9058159109621733
EX03,adult,160.0,5.28,-1.0,Left,-1,-0.20547886,left,-0.8759166841242918
EX03,adult,161.0,5.313,-1.0,Left,-1,-0.2056051,left,-0.8764548320949113
EX03,adult,162.0,5.346,-1.0,Left,-1,-0.20087585,left,-0.8562949274472107
EX03,adult,163.0,5.379,-1.0,Left,-1,-0.19937223,left,-0.8498853005440808
EX03,adult,164.0,5.412,-1.0,Left,-1,-0.20300399,left,-0.8653667733773269
EX03,adult,165.0,5.445,-0.977272727,Left,-1,-0.2040823,left,-0.8699633904389298
EX03,adult,166.0,5.478,-0.954545455,Left,-1,-0.2062304,left,-0.8791203542019815
EX03,adult,167.0,5.511,-0.931818182,Left,-1,-0.21184729,left,-0.9030640641275213
EX03,adult,168.0,5.544,-0.909090909,Left,-1,-0.20604958,left,-0.8783495296477482
EX03,adult,169.0,5.577,-0.886363636,Left,-1,-0.21472935,left,-0.9153497434586628
EX03,adult,170.0,5.61,-0.886363636,Left,-1,-0.22986491,left,-0.9798696960315144
EX03,adult,171.0,5.643,-0.863636364,Left,-1,-0.20816998,left,-0.8873884082977945
EX03,adult,172.0,5.676,-0.840909091,Left,-1,-0.21920691,left,-0.9344367187659794
EX03,adult,173.0,5.709,-0.818181818,Left,-1,-0.21921465,left,-0.9344696860460493
EX03,adult,174.0,5.742,-0.795454545,Left,-1,-0.19347945,left,-0.8247655035463011
EX03,adult,175.0,5.775,-0.772727273,Centre,0,-0.19329491,left,-0.8239788623201266
EX03,adult,176.0,5.808,-0.75,Centre,0,-0.17802167,left,-0.7588719778246448
EX03,adult,177.0,5.841,-0.727272727,Centre,0,-0.17792048,left,-0.75844060826982
EX03,adult,178.0,5.874,-0.704545455,Centre,0,-0.17738172,left,-0.7561440147998314
EX03,adult,179.0,5.907,-0.681818182,Centre,0,-0.18124916,left,-0.7726301321448005
EX03,adult,180.0,5.94,-0.659090909,Blink,0,-0.18138258,left,-0.7731988971269682
EX03,adult,181.0,5.973,-0.636363636,Blink,0,-0.14023061,left,-0.5977759980669359
EX03,adult,182.0,6.006,-0.613636364,Blink,0,-0.13308881,left,-0.5673318900567254
EX03,adult,183.0,6.039,-0.590909091,Blink,0,-0.12565407,left,-0.5356390272124253
EX03,adult,184.0,6.072,-0.568181818,Blink,0,-0.14128841,left,-0.6022852105478527
EX03,adult,185.0,6.105,-0.545454545,Blink,0,-0.14370418,left,-0.6125831343968658
EX03,adult,186.0,6.138,-0.522727273,Blink,0,-0.07051598,left,-0.30059600904078426
EX03,adult,187.0,6.171,-0.5,Centre,0,-0.070241146,left,-0.29942443194327445
EX03,adult,188.0,6.204,-0.477272727,Centre,0,-0.10179135,left,-0.43391686477736413
EX03,adult,189.0,6.237,-0.454545455,Centre,0,-0.09972793,left,-0.4251208895550383
EX03,adult,190.0,6.27,-0.431818182,Centre,0,-0.09957186,left,-0.4244556047615678
EX03,adult,191.0,6.303,-0.409090909,Centre,0,-0.09488977,left,-0.4044967433535994
EX03,adult,192.0,6.336,-0.386363636,Centre,0,-0.09488977,left,-0.4044967433535994
EX03,adult,193.0,6.369,-0.363636364,Centre,0,-0.111503355,left,-0.475317257666036
EX03,adult,194.0,6.402,-0.340909091,Centre,0,-0.1115473,left,-0.475504580419265
EX03,adult,195.0,6.435,-0.318181818,Centre,0,-0.07515734,left,-0.3203812046612558
EX03,adult,196.0,6.468,-0.295454545,Centre,0,-0.08199953,left,-0.34954816405280814
EX03,adult,197.0,6.501,-0.272727273,Centre,0,-0.060940318,left,-0.2597767994449809
EX03,adult,198.0,6.534,-0.25,Centre,0,-0.07582712,left,-0.32323636802969113
EX03,adult,199.0,6.567,-0.227272727,Centre,0,-0.07582499,left,-0.3232272845594599
EX03,adult,200.0,6.6,-0.204545455,Centre,0,-0.06577316,left,-0.28037826873122723
EX03,adult,201.0,6.633,-0.181818182,Centre,0,-0.06572123,left,-0.280156898844824
EX03,adult,202.0,6.666,-0.159090909,Centre,0,-0.06454091,left,-0.2751254185859997
EX03,adult,203.0,6.699,-0.136363636,Centre,0,-0.07761331,left,-0.3308505393104007
EX03,adult,204.0,6.732,-0.113636364,Centre,0,-0.05777675,left,-0.2462911174713753
EX03,adult,205.0,6.765,-0.090909091,Centre,0,-0.044494495,left,-0.18967143373113005
EX03,adult,206.0,6.798,-0.068181818,Centre,0,-0.04402898,left,-0.18768702896966388
EX03,adult,207.0,6.831,-0.045454545,Centre,0,-0.047668986,left,-0.2032036764297668
EX03,adult,208.0,6.864,-0.022727273,Centre,0,-0.036453083,left,-0.15539244974331892
EX03,adult,209.0,6.897,-0.022727273,Centre,0,-0.034306843,left,-0.1462434419568158
EX03,adult,210.0,6.93,-0.022727273,Centre,0,-0.0038216363,left,-0.016290897173401923
EX03,adult,211.0,6.963,-0.022727273,Centre,0,-0.0033225599,left,-0.014163430733330784
EX03,adult,212.0,6.996,-0.022727273,Centre,0,-0.00052277854,left,-0.002228503918072307
EX03,adult,213.0,7.029,-0.022727273,Centre,0,-0.0019968383,left,-0.008512135635330303
EX03,adult,214.0,7.062,-0.022727273,Centre,0,-0.0019939088,left,-0.008499647848786518
EX03,adult,215.0,7.095,-0.022727273,Centre,0,0.0062733423,right,0.01689571059270994
EX03,adult,216.0,7.128,-0.022727273,Centre,0,0.0052861082,right,0.014236837511661538
EX03,adult,217.0,7.161,-0.022727273,Centre,0,0.017646372,right,0.04752618071994883
EX03,adult,218.0,7.194,-0.022727273,Centre,0,0.034794465,right,0.09371036652245408
EX03,adult,219.0,7.227,0.0,Centre,0,0.058669977,right,0.15801320941341268
EX03,adult,220.0,7.26,0.0,Centre,0,0.053617425,right,0.14440539941154332
EX03,adult,221.0,7.293,0.0,Centre,0,0.056075256,right,0.151024965223072
EX03,adult,222.0,7.326,0.0,Centre,0,0.05244244,right,0.14124086149981568
EX03,adult,223.0,7.359,0.0,Centre,0,0.05244244,right,0.14124086149981568
EX03,adult,224.0,7.392,0.0,Centre,0,0.054013968,right,0.14547338881749294
EX03,adult,225.0,7.425,0.0,Centre,0,0.054013968,right,0.14547338881749294
EX03,adult,226.0,7.458,0.0,Centre,0,0.043551475,right,0.11729522788549776
EX03,adult,227.0,7.491,0.0,Centre,0,0.03914181,right,0.10541887988071941
EX03,adult,228.0,7.524,0.0,Centre,0,0.028734444,right,0.07738918458608533
EX03,adult,229.0,7.557,0.0,Centre,0,0.03543176,right,0.09542676875122756
EX03,adult,230.0,7.59,0.0,Centre,0,0.027458258,right,0.07395209095401756
EX03,adult,231.0,7.623,0.0,Centre,0,0.027052391,right,0.07285898855666298
EX03,adult,232.0,7.656,0.0,Centre,0,0.030673759,right,0.08261225537257486
EX03,adult,233.0,7.689,0.0,Centre,0,0.02991529,right,0.08056950465341825
EX03,adult,234.0,7.722,0.0,Centre,0,0.04688655,right,0.12627743155360382
EX03,adult,235.0,7.755,0.0,Centre,0,0.046945408,right,0.12643595543063071
EX03,adult,236.0,7.788,0.0,Centre,0,0.040914677,right,0.11019365918939639
EX03,adult,237.0,7.821,0.0,Centre,0,0.039495215,right,0.10637068533122782
EX03,adult,238.0,7.854,0.0,Centre,0,0.028934715,right,0.0779285670942477
EX03,adult,239.0,7.887,0.0,Centre,0,0.027769847,right,0.07479127923631784
EX03,adult,240.0,7.92,0.0,Centre,0,0.027882764,right,0.07509539425129012
EX03,adult,241.0,7.953,0.0,Centre,0,0.01398053,right,0.037653133061892295
EX03,adult,242.0,7.986,0.0,Centre,0,0.019785156,right,0.05328647186931597
EX03,adult,243.0,8.019,0.0,Centre,0,0.019371301,right,0.05217185336725985
EX03,adult,244.0,8.052,0.0,Centre,0,0.019515645,right,0.05256060809277636
EX03,adult,245.0,8.085,0.0,Centre,0,0.03341548,right,0.08999641294579021
EX03,adult,246.0,8.118,0.0,Centre,0,0.030610373,right,0.08244154121006773
EX03,adult,247.0,8.151,0.0,Centre,0,0.041334126,right,0.11132334247634844
EX03,adult,248.0,8.184,0.0,Centre,0,0.030149115,right,0.08119925580464273
EX03,adult,249.0,8.217,0.022727273,Centre,0,0.03054566,right,0.08226725022717074
EX03,adult,250.0,8.25,0.045454545,Centre,0,0.031979773,right,0.08612968449093086
EX03,adult,251.0,8.283,0.068181818,Centre,0,0.033425335,right,0.09002295064545705
EX03,adult,252.0,8.316,0.090909091,Centre,0,0.033466615,right,0.09013412805566813
EX03,adult,253.0,8.349,0.090909091,Centre,0,0.06552761,right,0.17648256546373933
EX03,adult,254.0,8.382,0.113636364,Right,1,0.0637939,right,0.17181323463275555
EX03,adult,255.0,8.415,0.136363636,Right,1,0.15632889,right,0.42103355801985937
EX03,adult,256.0,8.448,0.159090909,Right,1,0.13801673,right,0.37171425152128745
EX03,adult,257.0,8.481,0.181818182,Right,1,0.13855469,right,0.37316311962468607
EX03,adult,258.0,8.514,0.204545455,Right,1,0.26199487,right,0.7056189931992053
EX03,adult,259.0,8.547,0.227272727,Right,1,0.26199487,right,0.7056189931992053
EX03,adult,260.0,8.58,0.25,Right,1,0.25339764,right,0.6824644739965058
EX03,adult,261.0,8.613,0.272727273,Right,1,0.25325543,right,0.6820814482035071
EX03,adult,262.0,8.646,0.295454545,Right,1,0.25464243,right,0.6858169931335483
EX03,adult,263.0,8.679,0.318181818,Right,1,0.25522086,right,0.6873748614521381
EX03,adult,264.0,8.712,0.340909091,Right,1,0.25504667,right,0.6869057110413928
EX03,adult,265.0,8.745,0.363636364,Right,1,0.18178578,right,0.48959545589500536
EX03,adult,266.0,8.778,0.386363636,Right,1,0.15726952,right,0.4235669301052574
EX03,adult,267.0,8.811,0.409090909,Right,1,0.1575148,right,0.424227513147248
EX03,adult,268.0,8.844,0.431818182,Right,1,0.15657736,right,0.4217027695766754
EX03,adult,269.0,8.877,0.454545455,Right,1,0.15663277,right,0.4218519826842162
EX03,adult,270.0,8.91,0.477272727,Right,1,0.16761456,right,0.45142876567048656
EX03,adult,271.0,8.943,0.5,Right,1,0.16730776,right,0.4506024750112191
EX03,adult,272.0,8.976,0.5,Right,1,0.1787306,right,0.48136710349425954
EX03,adult,273.0,9.009,0.522727273,Right,1,0.17874286,right,0.481400092513732
EX03,adult,274.0,9.042,0.545454545,Right,1,0.18954864,right,0.5105028289087513
EX03,adult,275.0,9.075,0.568181818,Right,1,0.19347121,right,0.5210673015327212
EX03,adult,276.0,9.108,0.590909091,Right,1,0.20274994,right,0.5460572864356296
EX03,adult,277.0,9.141,0.613636364,Right,1,0.19982043,right,0.5381673724791793
EX03,adult,278.0,9.174,0.636363636,Right,1,0.19950806,right,0.5373260722173782
EX03,adult,279.0,9.207,0.659090909,Right,1,0.20040315,right,0.5397367989943727
EX03,adult,280.0,9.24,0.681818182,Right,1,0.2121064,right,0.5712566432540946
EX03,adult,281.0,9.273,0.704545455,Right,1,0.21756855,right,0.5859675787769357
EX03,adult,282.0,9.306,0.727272727,Right,1,0.21506253,right,0.5792182340825373
EX03,adult,283.0,9.339,0.75,Right,1,0.24087147,right,0.6487283054054395
EX03,adult,284.0,9.372,0.772727273,Right,1,0.24080382,right,0.6485461032784263
EX03,adult,285.0,9.405,0.795454545,Right,1,0.2567362,right,0.6914560285667251
EX03,adult,286.0,9.438,0.818181818,Right,1,0.25101012,right,0.67603426395277
EX03,adult,287.0,9.471,0.840909091,Right,1,0.25686723,right,0.6918089548894021
EX03,adult,288.0,9.504,0.863636364,Right,1,0.33863533,right,0.9120312880382057
EX03,adult,289.0,9.537,0.886363636,Right,1,0.31827837,right,0.8572048219190924
EX03,adult,290.0,9.57,0.886363636,Right,1,0.31826267,right,0.8571625221301339
EX03,adult,291.0,9.603,0.909090909,Right,1,0.37129793,right,1.0
EX03,adult,292.0,9.636,0.931818182,Right,1,0.32485586,right,0.8749196845800253
EX03,adult,293.0,9.669,0.954545455,Right,1,0.32485586,right,0.8749196845800253
EX03,adult,294.0,9.702,0.977272727,Right,1,0.31024894,right,0.8355795163392365
EX03,adult,295.0,9.735,1.0,Right,1,0.34636143,right,0.9328396538609072
EX03,adult,296.0,9.768,1.0,Right,1,0.35606065,right,0.9589621413678211
EX03,adult,297.0,9.801,1.0,Right,1,0.35577726,right,0.9581988990657204
EX03,adult,298.0,9.834,1.0,Right,1,0.35336554,right,0.9517035136355818
EX03,adult,299.0,9.867,1.0,Right,1,0.33099553,right,0.8914553703916407
EX03,adult,300.0,9.9,1.0,Right,1,0.33097023,right,0.8913872251908327
EX03,adult,301.0,9.933,1.0,Right,1,0.35895973,right,0.9667701044997424
EX03,adult,302.0,9.966,1.0,Right,1,0.35895973,right,0.9667701044997424
EX03,adult,303.0,9.999,1.0,Right,1,0.35778478,right,0.9636056468532689
EX03,adult,304.0,10.032,1.0,Right,1,0.32200548,right,0.8672428748734518
EX03,adult,305.0,10.065,1.0,Right,1,0.3219368,right,0.8670578634625419
EX03,adult,306.0,10.098,1.0,Right,1,0.2926135,right,0.7880827929675758
EX03,adult,307.0,10.131,1.0,Right,1,0.29268995,right,0.7882886733445753
EX03,adult,308.0,10.164,1.0,Right,1,0.28327087,right,0.7629206792270552
EX03,adult,309.0,10.197,1.0,Right,1,0.28335556,right,0.7631487930794656
EX03,adult,310.0,10.23,1.0,Right,1,0.3160453,right,0.8511906266878277
EX03,adult,311.0,10.263,1.0,Right,1,0.36377636,right,0.9797424946168101
EX03,adult,312.0,10.296,1.0,Right,1,0.36377636,right,0.9797424946168101
EX03,adult,313.0,10.329,1.0,Right,1,0.3093267,right,0.8330957080483014
EX03,adult,314.0,10.362,1.0,Right,1,0.30941513,right,0.8333338550574856
EX03,adult,315.0,10.395,1.0,Right,1,0.3106921,right,0.8367730606690542
EX03,adult,316.0,10.428,1.0,Right,1,0.35893953,right,0.966715684657401
EX03,adult,317.0,10.461,1.0,Right,1,0.3586226,right,0.9658621439443357
EX03,adult,318.0,10.494,1.0,Right,1,0.3613212,right,0.9731301627113154
EX03,adult,319.0,10.527,1.0,Right,1,0.3613212,right,0.9731301627113154
EX03,adult,320.0,10.56,1.0,Right,1,0.34090647,right,0.9181480622643262
EX03,adult,321.0,10.593,1.0,Right,1,0.34281197,right,0.9232800620867794
EX03,adult,322.0,10.626,1.0,Right,1,0.35013327,right,0.942998184961807
EX03,adult,323.0,10.659,1.0,Right,1,0.31347403,right,0.8442655010867514
EX03,adult,324.0,10.692,1.0,Right,1,0.32402736,right,0.8726883105135202
EX03,adult,325.0,10.725,1.0,Right,1,0.32402736,right,0.8726883105135202
EX03,adult,326.0,10.758,1.0,Right,1,0.3434764,right,0.925069575928964
EX03,adult,327.0,10.791,1.0,Right,1,0.3434764,right,0.925069575928964
EX03,adult,328.0,10.824,1.0,Right,1,0.3463244,right,0.9327399644152022
EX03,adult,329.0,10.857,1.0,Right,1,0.3463244,right,0.9327399644152022
EX03,adult,330.0,10.89,1.0,Right,1,0.32706308,right,0.8808642898359065
EX03,adult,331.0,10.923,1.0,Right,1,0.32706308,right,0.8808642898359065
EX03,adult,332.0,10.956,1.0,Right,1,0.36148632,right,0.9735748322195326
EX03,adult,333.0,10.989,1.0,Right,1,0.36136755,right,0.9732549751815821
EX03,adult,334.0,11.022,0.977272727,Right,1,0.35550058,right,0.9574537164458128
EX03,adult,335.0,11.055,0.954545455,Right,1,0.29164758,right,0.7854813158139968
EX03,adult,336.0,11.088,0.954545455,Right,1,0.25600994,right,0.6895000445873487
EX03,adult,337.0,11.121,0.931818182,Right,1,0.2645715,right,0.7125584862807818
EX03,adult,338.0,11.154,0.909090909,Right,1,0.24009117,right,0.646626760387588
EX03,adult,339.0,11.187,0.886363636,Right,1,0.2301557,right,0.6198680102107035
EX03,adult,340.0,11.22,0.863636364,Right,1,0.22807658,right,0.6142683850173345
EX03,adult,341.0,11.253,0.840909091,Right,1,0.22743502,right,0.6125405148903685
EX03,adult,342.0,11.286,0.818181818,Right,1,0.2470817,right,0.6654540192063516
EX03,adult,343.0,11.319,0.795454545,Centre,0,0.24712752,right,0.66557742703467
EX03,adult,344.0,11.352,0.772727273,Centre,0,0.23731056,right,0.6391378516410753
EX03,adult,345.0,11.385,0.75,Centre,0,0.2390845,right,0.6439155204989031
EX03,adult,346.0,11.418,0.727272727,Centre,0,0.22906488,right,0.6169301413768108
EX03,adult,347.0,11.451,0.704545455,Centre,0,0.20049848,right,0.539993527409902
EX03,adult,348.0,11.484,0.681818182,Centre,0,0.20044282,right,0.5398436320477007
EX03,adult,349.0,11.517,0.659090909,Centre,0,0.10295355,right,0.27728017333442173
EX03,adult,350.0,11.55,0.636363636,Centre,0,0.10295355,right,0.27728017333442173
EX03,adult,351.0,11.583,0.613636364,Centre,0,0.11214678,right,0.3020398772230566
EX03,adult,352.0,11.616,0.590909091,Centre,0,0.05381583,right,0.144939755308162
EX03,adult,353.0,11.649,0.568181818,Centre,0,0.053795855,right,0.1448859575215406
EX03,adult,354.0,11.682,0.568181818,Centre,0,0.049468752,right,0.13323196433718437
EX03,adult,355.0,11.715,0.545454545,Centre,0,0.049468752,right,0.13323196433718437
EX03,adult,356.0,11.748,0.522727273,Centre,0,0.04203001,right,0.1131975361617043
EX03,adult,357.0,11.781,0.5,Centre,0,0.042012166,right,0.11314947734075755
EX03,adult,358.0,11.814,0.477272727,Centre,0,0.042012166,right,0.11314947734075755
EX03,adult,359.0,11.847,0.454545455,Centre,0,0.06373637,right,0.17165830262585371
EX03,adult,360.0,11.88,0.431818182,Centre,0,0.06373637,right,0.17165830262585371
EX03,adult,361.0,11.913,0.409090909,Centre,0,0.123073734,right,0.3314689520753023
EX03,adult,362.0,11.946,0.386363636,Centre,0,0.08808406,right,0.23723282807158472
EX03,adult,363.0,11.979,0.363636364,Centre,0,0.12882856,right,0.34696815259323793
EX03,adult,364.0,12.012,0.340909091,Centre,0,0.109405324,right,0.29465643702055055
EX03,adult,365.0,12.045,0.318181818,Centre,0,0.109625295,right,0.29524887486173307
EX03,adult,366.0,12.078,0.295454545,Centre,0,0.082759865,right,0.2228934203440795
EX03,adult,367.0,12.111,0.272727273,Centre,0,0.08378358,right,0.22565055189184802
EX03,adult,368.0,12.144,0.25,Centre,0,0.12553316,right,0.33809282211108693
EX03,adult,369.0,12.177,0.227272727,Centre,0,0.12553316,right,0.33809282211108693
EX03,adult,370.0,12.21,0.204545455,Centre,0,0.1331815,right,0.3586917357529776
EX03,adult,371.0,12.243,0.181818182,Centre,0,0.11992428,right,0.3229866604766103
EX03,adult,372.0,12.276,0.159090909,Centre,0,0.11992428,right,0.3229866604766103
EX03,adult,373.0,12.309,0.159090909,Centre,0,0.10902289,right,0.2936264532124603
EX03,adult,374.0,12.342,0.136363636,Centre,0,0.10900266,right,0.2935719531048647
EX03,adult,375.0,12.375,0.113636364,Centre,0,0.10694509,right,0.28803039982290274
EX03,adult,376.0,12.408,0.090909091,Centre,0,0.10019957,right,0.269863001658842
EX03,adult,377.0,12.441,0.068181818,Centre,0,0.09718754,right,0.2617508332135374
EX03,adult,378.0,12.474,0.045454545,Centre,0,0.11401419,right,0.30706929805065397
EX03,adult,379.0,12.507,0.0,Centre,0,0.113986224,right,0.30699396910959587
EX03,adult,380.0,12.54,0.0,Centre,0,0.091085166,right,0.24531557930122835
EX03,adult,381.0,12.573,0.0,Centre,0,0.09075414,right,0.2444240329903037
EX03,adult,382.0,12.606,0.0,Centre,0,0.08236465,right,0.22182900274194134
EX03,adult,383.0,12.639,0.0,Centre,0,0.08847421,right,0.23828360058051043
EX03,adult,384.0,12.672,0.0,Blink,0,0.020063724,right,0.054036726249972813
EX03,adult,385.0,12.705,0.0,Blink,0,-0.22239073,left,-0.9480086937067813
EX03,adult,386.0,12.738,0.0,Blink,0,-0.22760841,left,-0.9702506821813185
EX03,adult,387.0,12.771,0.0,Blink,0,-0.12649643,left,-0.53922985638843
EX03,adult,388.0,12.804,0.0,Blink,0,0.02387018,right,0.06428848042703683
EX03,adult,389.0,12.837,0.0,Blink,0,-0.052293565,left,-0.22291736354245684
EX03,adult,390.0,12.87,0.0,Blink,0,0.078623444,right,0.21175298432234976
EX03,adult,391.0,12.903,0.0,Centre,0,0.0766575,right,0.20645818649808395
EX03,adult,392.0,12.936,0.0,Centre,0,0.08624355,right,0.23227586670220812
EX03,adult,393.0,12.969,0.0,Centre,0,0.07832383,right,0.2109460576556558
EX03,adult,394.0,13.002,0.0,Centre,0,0.064373136,right,0.17337327011320852
EX03,adult,395.0,13.035,0.0,Centre,0,0.054024357,right,0.1455013712917352
EX03,adult,396.0,13.068,0.0,Centre,0,0.07399593,right,0.19928991737575
EX03,adult,397.0,13.101,0.0,Centre,0,0.07424361,right,0.19995698183701643
EX03,adult,398.0,13.134,0.0,Centre,0,0.07774939,right,0.209398924814814
EX03,adult,399.0,13.167,0.0,Centre,0,0.056844108,right,0.15309567835015733
EX03,adult,400.0,13.2,0.0,Centre,0,0.066488214,right,0.17906971526944523
EX03,adult,401.0,13.233,0.0,Centre,0,0.06667543,right,0.17957394159627202
EX03,adult,402.0,13.266,0.0,Centre,0,0.072393775,right,0.19497489744307808
EX03,adult,403.0,13.299,0.0,Centre,0,0.072138116,right,0.19428634196000205
EX03,adult,404.0,13.332,0.0,Centre,0,0.087023586,right,0.23437670939908534
EX03,adult,405.0,13.365,0.0,Centre,0,0.08624142,right,0.23227012773653347
EX03,adult,406.0,13.398,0.0,Centre,0,0.081954256,right,0.22072371005910654
EX03,adult,407.0,13.431,0.0,Centre,0,0.06561284,right,0.17671210402441156
EX03,adult,408.0,13.464,0.0,Centre,0,0.065443724,right,0.17625663883950568
EX03,adult,409.0,13.497,0.0,Centre,0,0.09493664,right,0.25568857916132604
EX03,adult,410.0,13.53,0.0,Centre,0,0.08143628,right,0.21932865980864283
EX03,adult,411.0,13.563,0.0,Centre,0,0.10736694,right,0.28916655449597395
EX03,adult,412.0,13.596,0.0,Centre,0,0.08579214,right,0.23106010896329318
EX03,adult,413.0,13.629,0.0,Centre,0,0.08533461,right,0.229827856714642
EX03,adult,414.0,13.662,0.0,Centre,0,0.062943816,right,0.16952374852221633
EX03,adult,415.0,13.695,0.0,Centre,0,0.06331399,right,0.17052072324452064
EX03,adult,416.0,13.728,0.0,Centre,0,0.060485184,right,0.16290202558198127
EX03,adult,417.0,13.761,0.0,Centre,0,0.060363743,right,0.16257495470431044
EX03,adult,418.0,13.794,0.0,Centre,0,0.08111643,right,0.21846723303435328
EX03,adult,419.0,13.827,0.0,Centre,0,0.0839519,right,0.2261038699812043
EX03,adult,420.0,13.86,0.0,Centre,0,0.08452288,right,0.22764167198624638
EX03,adult,421.0,13.893,0.0,Centre,0,0.06337605,right,0.1706878555700595
EX03,adult,422.0,13.926,0.0,Centre,0,0.053656574,right,0.14451083785607974
EX03,adult,423.0,13.959,0.0,Centre,0,0.05719059,right,0.1540288421953799
EX03,adult,424.0,13.992,0.0,Centre,0,0.04524338,right,0.12185195659800857
EX03,adult,425.0,14.025,0.0,Centre,0,0.044471063,right,0.11977191263512355
EX03,adult,426.0,14.058,0.0,Centre,0,0.045324072,right,0.12206928480688702
EX03,adult,427.0,14.091,0.0,Centre,0,0.045691855,right,0.1230598182425425
EX03,adult,428.0,14.124,0.0,Centre,0,0.016446086,right,0.04429350262399156
EX03,adult,429.0,14.157,0.0,Centre,0,0.016446086,right,0.04429350262399156
EX03,adult,430.0,14.19,0.0,Centre,0,0.016888969,right,0.04548629948362954
EX03,adult,431.0,14.223,0.0,Centre,0,0.047208525,right,0.127144597293568
EX03,adult,432.0,14.256,0.0,,0,0.047776848,right,0.12867523562467356
