participant,age_group,frame,timestamp,true_location,humna_class,human_score_blinks_removed,l2cs_score,l2cs_class,l2cs_norm
EX01,adult,0.0,0.0,0.0,Centre,0,0.077062026,right,0.08194777331543211
EX01,adult,1.004651163,0.033153488,0.0,Centre,0,0.06004523,right,0.0638521106482278
EX01,adult,2.009302326,0.066306977,0.0,Centre,0,0.113057055,right,0.12022489417158724
EX01,adult,3.013953488,0.099460465,0.0,Centre,0,0.13477834,right,0.14332330879585503
EX01,adult,4.018604651,0.132613953,0.0,Centre,0,0.14312254,right,0.15219653616281065
EX01,adult,5.023255814,0.165767442,0.0,Centre,0,0.09989545,right,0.1062288385958405
EX01,adult,6.027906977,0.19892093,0.0,Centre,0,0.11612953,right,0.12349216775304028
EX01,adult,7.03255814,0.232074419,0.0,Centre,0,0.06382372,right,0.06787015890393037
EX01,adult,8.037209302,0.265227907,0.0,Centre,0,0.067167856,right,0.07142631112444138
EX01,adult,9.041860465,0.298381395,0.0,Centre,0,0.07127498,right,0.07579382877075004
EX01,adult,10.04651163,0.331534884,0.0,Centre,0,0.06307085,right,0.06706955284270968
EX01,adult,11.05116279,0.364688372,0.0,Centre,0,0.054515705,right,0.05797201094710677
EX01,adult,12.05581395,0.39784186,0.0,Centre,0,0.079818405,right,0.08487890786776713
EX01,adult,13.06046512,0.430995349,0.0,Centre,0,0.0727075,right,0.07731716622866493
EX01,adult,14.06511628,0.464148837,0.0,Centre,0,0.102712005,right,0.10922396680626692
EX01,adult,15.06976744,0.497302326,0.0,Centre,0,0.109957926,right,0.1169292802019959
EX01,adult,16.0744186,0.530455814,0.0,Centre,0,0.097063966,right,0.10321784071881049
EX01,adult,17.07906977,0.563609302,0.0,Centre,0,0.09616462,right,0.10226147740558793
EX01,adult,18.08372093,0.596762791,0.0,Centre,0,0.08439185,right,0.08974230703848157
EX01,adult,19.08837209,0.629916279,0.0,Centre,0,0.082902074,right,0.08815808171843564
EX01,adult,20.09302326,0.663069767,0.0,Centre,0,0.07225316,right,0.07683402480605572
EX01,adult,21.09767442,0.696223256,0.0,Centre,0,0.06605492,right,0.07024281271277079
EX01,adult,22.10232558,0.729376744,0.0,Centre,0,0.074539214,right,0.07926501528748832
EX01,adult,23.10697674,0.762530233,0.0,Centre,0,0.0862273,right,0.09169412549469308
EX01,adult,24.11162791,0.795683721,0.0,Centre,0,0.058606323,right,0.06232197530017518
EX01,adult,25.11627907,0.828837209,0.0,Centre,0,0.07475067,right,0.07948987649960823
EX01,adult,26.12093023,0.861990698,0.0,Centre,0,0.10217857,right,0.10865671535836385
EX01,adult,27.1255814,0.895144186,0.0,Centre,0,0.118421726,right,0.12592968674434876
EX01,adult,28.13023256,0.928297674,0.0,Centre,0,0.092974685,right,0.09886929853506576
EX01,adult,29.13488372,0.961451163,0.0,Centre,0,0.09452465,right,0.10051753335910088
EX01,adult,30.13953488,0.994604651,0.0,Centre,0,0.09187,right,0.09769457875075252
EX01,adult,31.14418605,1.02775814,0.0,Centre,0,0.064071134,right,0.0681332562673378
EX01,adult,32.14883721,1.060911628,0.0,Centre,0,0.06854897,right,0.07289498815804368
EX01,adult,33.15348837,1.094065116,0.0,Centre,0,0.0783795,right,0.08334877251971451
EX01,adult,34.15813953,1.127218605,0.0,Centre,0,0.07424334,right,0.07895037914162645
EX01,adult,35.1627907,1.160372093,0.0,Centre,0,0.06369615,right,0.06773450217323318
EX01,adult,36.16744186,1.193525581,0.0,Centre,0,0.07348141,right,0.07814014669751841
EX01,adult,37.17209302,1.22667907,0.0,Centre,0,0.078365915,right,0.08333432898390906
EX01,adult,38.17674419,1.259832558,0.0,Centre,0,0.07647746,right,0.0813261466693761
EX01,adult,39.18139535,1.292986047,0.0,Centre,0,0.076672144,right,0.08153317332357057
EX01,adult,40.18604651,1.326139535,0.0,Centre,0,0.076700106,right,0.08156290815071147
EX01,adult,41.19069767,1.359293023,0.0,Centre,0,0.07398261,right,0.0786731234685732
EX01,adult,42.19534884,1.392446512,0.0,Centre,0,0.051657338,right,0.054932423109048806
EX01,adult,43.2,1.4256,0.0,Centre,0,0.05709125,right,0.0607108476072124
EX01,adult,44.20465116,1.458753488,0.0,Centre,0,0.049744125,right,0.052897912835392684
EX01,adult,45.20930233,1.491906977,0.0,Centre,0,0.031910263,right,0.03393337997943076
EX01,adult,46.21395349,1.525060465,0.0,Centre,0,0.022075742,right,0.02347534891716107
EX01,adult,47.21860465,1.558213953,0.0,Centre,0,0.014223678,right,0.015125462034686798
EX01,adult,48.22325581,1.591367442,0.0,Centre,0,0.017453825,right,0.018560401060306063
EX01,adult,49.22790698,1.62452093,0.0,Centre,0,0.017100424,right,0.018184593806890734
EX01,adult,50.23255814,1.657674419,0.0,Centre,0,0.0012314457,right,0.0013095195985708015
EX01,adult,51.2372093,1.690827907,0.0,Centre,0,0.037455764,right,0.03983046648294721
EX01,adult,52.24186047,1.723981395,0.0,Centre,0,0.044450287,right,0.04726844373761881
EX01,adult,53.24651163,1.757134884,0.0,Centre,0,0.030684942,right,0.03263037378761452
EX01,adult,54.25116279,1.790288372,0.0,Centre,0,0.030386135,right,0.03231262194210619
EX01,adult,55.25581395,1.82344186,0.0,Centre,0,0.032597627,right,0.034664323512637485
EX01,adult,56.26046512,1.856595349,0.0,Centre,0,0.040948767,right,0.04354492714499897
EX01,adult,57.26511628,1.889748837,0.0,Centre,0,0.044441767,right,0.04725938384557628
EX01,adult,58.26976744,1.922902326,0.0,Centre,0,0.047212787,right,0.05020608699245748
EX01,adult,59.2744186,1.956055814,0.0,Centre,0,0.04181163,right,0.04446249573903809
EX01,adult,60.27906977,1.989209302,0.0,Centre,0,0.055638228,right,0.05916570223250952
EX01,adult,61.28372093,2.022362791,0.0,Centre,0,0.04137354,right,0.043996630306458395
EX01,adult,62.28837209,2.055516279,0.0,Centre,0,0.05138809,right,0.054646103582478595
EX01,adult,63.29302326,2.088669767,0.0,Centre,0,0.08478999,right,0.09016569358064934
EX01,adult,64.29767442,2.121823256,0.0,Centre,0,0.075271055,right,0.08004325486402508
EX01,adult,65.30232558,2.154976744,0.0,Centre,0,0.07058495,right,0.07506005278331926
EX01,adult,66.30697674,2.188130233,0.0,Centre,0,0.04847459,right,0.05154788988419438
EX01,adult,67.31162791,2.221283721,0.0,Centre,0,0.038397722,right,0.0408321451022802
EX01,adult,68.31627907,2.254437209,0.0,Centre,0,0.047977913,right,0.051019722343108816
EX01,adult,69.32093023,2.287590698,0.0,Centre,0,0.052559085,right,0.05589134157328468
EX01,adult,70.3255814,2.320744186,0.0,Centre,0,0.043222304,right,0.04596260707231573
EX01,adult,71.33023256,2.353897674,0.0,Centre,0,0.06555611,right,0.06971237920830599
EX01,adult,72.33488372,2.387051163,0.0,Centre,0,0.05417882,right,0.0576137668906178
EX01,adult,73.33953488,2.420204651,0.0,Centre,0,0.053621683,right,0.057021308580857875
EX01,adult,74.34418605,2.45335814,0.0,Centre,0,0.069397986,right,0.07379783195159217
EX01,adult,75.34883721,2.486511628,0.0,Centre,0,0.041012682,right,0.043612894161952936
EX01,adult,76.35348837,2.519665116,0.0,Centre,0,0.052143898,right,0.0554498312855574
EX01,adult,77.35813953,2.552818605,0.0,Centre,0,0.053423014,right,0.05681004314901343
EX01,adult,78.3627907,2.585972093,0.0,Centre,0,0.022610238,right,0.024043731366016532
EX01,adult,79.36744186,2.619125581,0.0,Centre,0,0.02867186,right,0.030489662326454142
EX01,adult,80.37209302,2.65227907,0.0,Centre,0,0.040649958,right,0.04322717331875342
EX01,adult,81.37674419,2.685432558,0.0,Centre,0,0.0413248,right,0.043944802336369874
EX01,adult,82.38139535,2.718586047,0.0,Centre,0,0.037985202,right,0.040393471230251415
EX01,adult,83.38604651,2.751739535,0.0,Centre,0,0.035909,right,0.03818563852692985
EX01,adult,84.39069767,2.784893023,0.0,Centre,0,0.03992398,right,0.04245516910298401
EX01,adult,85.39534884,2.818046512,0.0,Centre,0,0.066072494,right,0.0702615029491751
EX01,adult,86.4,2.8512,0.0,Centre,0,0.059738435,right,0.06352586342078452
EX01,adult,87.40465116,2.884353488,0.0,Centre,0,0.0629289,right,0.06691860482067705
EX01,adult,88.40930233,2.917506977,0.0,Centre,0,0.084810495,right,0.0901874975359629
EX01,adult,89.41395349,2.950660465,0.0,Left,-1,0.09375179,right,0.09969567002603924
EX01,adult,90.41860465,2.983813953,0.0,Left,-1,0.07447344,right,0.07919507149478917
EX01,adult,91.42325581,3.016967442,-0.022727273,Left,-1,0.04621304,right,0.04914295402014863
EX01,adult,92.42790698,3.05012093,-0.045454545,Left,-1,0.07181507,right,0.07636816333495046
EX01,adult,93.43255814,3.083274419,-0.068181818,Left,-1,0.06463705,right,0.068735051772351
EX01,adult,94.4372093,3.116427907,-0.090909091,Left,-1,0.06716173,right,0.07141979846046329
EX01,adult,95.44186047,3.149581395,-0.113636364,Left,-1,0.055936508,right,0.0594828935293847
EX01,adult,96.44651163,3.182734884,-0.136363636,Left,-1,0.03658837,right,0.038908080735989975
EX01,adult,97.45116279,3.215888372,-0.159090909,Left,-1,0.011606056,right,0.012341882501527228
EX01,adult,98.45581395,3.24904186,-0.181818182,Left,-1,0.01222604,right,0.013001172865814276
EX01,adult,99.46046512,3.282195349,-0.204545455,Left,-1,0.011559185,right,0.012292039230132761
EX01,adult,100.4651163,3.315348837,-0.227272727,Left,-1,0.012907543,right,0.013725884009359474
EX01,adult,101.4697674,3.348502326,-0.25,Left,-1,0.0050573433,right,0.00537797984484204
EX01,adult,102.4744186,3.381655814,-0.272727273,Left,-1,0.025061678,right,0.02665059348591623
EX01,adult,103.4790698,3.414809302,-0.295454545,Left,-1,0.034222685,right,0.036392409776944266
EX01,adult,104.4837209,3.447962791,-0.318181818,Left,-1,0.030843934,right,0.03279944555520666
EX01,adult,105.4883721,3.481116279,-0.340909091,Left,-1,0.0023097596,right,0.0024561988288423734
EX01,adult,106.4930233,3.514269767,-0.363636364,Left,-1,-0.013825535,left,-0.07056696498279094
EX01,adult,107.4976744,3.547423256,-0.386363636,Left,-1,-0.050614443,left,-0.25834136939696095
EX01,adult,108.5023256,3.580576744,-0.409090909,Left,-1,-0.011039868,left,-0.0563486322390267
EX01,adult,109.5069767,3.613730233,-0.431818182,Left,-1,-0.05392981,left,-0.27526334571567845
EX01,adult,110.5116279,3.646883721,-0.454545455,Left,-1,-0.026914973,left,-0.137376815111567
EX01,adult,111.5162791,3.680037209,-0.477272727,Left,-1,-0.076556295,left,-0.39075127732150716
EX01,adult,112.5209302,3.713190698,-0.5,Left,-1,-0.06315447,left,-0.32234695244250067
EX01,adult,113.5255814,3.746344186,-0.522727273,Left,-1,-0.071474984,left,-0.3648157391899511
EX01,adult,114.5302326,3.779497674,-0.545454545,Left,-1,-0.057796456,left,-0.29499911051252503
EX01,adult,115.5348837,3.812651163,-0.568181818,Left,-1,-0.0829668,left,-0.42347114444067285
EX01,adult,116.5395349,3.845804651,-0.590909091,Left,-1,-0.07068083,left,-0.3607622774560521
EX01,adult,117.544186,3.87895814,-0.613636364,Left,-1,-0.062123027,left,-0.3170823768839432
EX01,adult,118.5488372,3.912111628,-0.636363636,Left,-1,-0.0827295,left,-0.4222599735732092
EX01,adult,119.5534884,3.945265116,-0.659090909,Left,-1,-0.10381428,left,-0.5298788692229804
EX01,adult,120.5581395,3.978418605,-0.681818182,Left,-1,-0.09031285,left,-0.4609661788644846
EX01,adult,121.5627907,4.011572093,-0.704545455,Left,-1,-0.07476958,left,-0.38163169194816465
EX01,adult,122.5674419,4.044725581,-0.727272727,Left,-1,-0.14919801,left,-0.761522133254883
EX01,adult,123.572093,4.07787907,-0.75,Left,-1,-0.14628105,left,-0.7466336568826594
EX01,adult,124.5767442,4.111032558,-0.772727273,Left,-1,-0.13942634,left,-0.7116464903729618
EX01,adult,125.5813953,4.144186047,-0.795454545,Left,-1,-0.1451058,left,-0.7406350354931742
EX01,adult,126.5860465,4.177339535,-0.818181818,Left,-1,-0.14138828,left,-0.7216604689025063
EX01,adult,127.5906977,4.210493023,-0.840909091,Left,-1,-0.14270337,left,-0.7283728098700177
EX01,adult,128.5953488,4.243646512,-0.863636364,Left,-1,-0.18591262,left,-0.9489173313611227
EX01,adult,129.6,4.2768,-0.886363636,Left,-1,-0.16887158,left,-0.8619380817843233
EX01,adult,130.6046512,4.309953488,-0.886363636,Left,-1,-0.16926946,left,-0.8639688817047068
EX01,adult,131.6093023,4.343106977,-0.909090909,Left,-1,-0.18577254,left,-0.9482023188128464
EX01,adult,132.6139535,4.376260465,-0.931818182,Left,-1,-0.18503962,left,-0.9444614516511648
EX01,adult,133.6186047,4.409413953,-0.954545455,Left,-1,-0.19138408,left,-0.9768441957918991
EX01,adult,134.6232558,4.442567442,-0.977272727,Left,-1,-0.14894022,left,-0.7602063458827758
EX01,adult,135.627907,4.47572093,-1.0,Left,-1,-0.1232543,left,-0.6291027372104137
EX01,adult,136.6325581,4.508874419,-1.0,Left,-1,-0.13790327,left,-0.7038726208301614
EX01,adult,137.6372093,4.542027907,-1.0,Left,-1,-0.13426806,left,-0.6853181174566119
EX01,adult,138.6418605,4.575181395,-1.0,Left,-1,-0.19592078,left,-1.0
EX01,adult,139.6465116,4.608334884,-1.0,Left,-1,-0.16522945,left,-0.8433482879286548
EX01,adult,140.6511628,4.641488372,-1.0,Left,-1,-0.16695197,left,-0.8521401814006838
EX01,adult,141.655814,4.67464186,-1.0,Left,-1,-0.12481863,left,-0.6370872468183615
EX01,adult,142.6604651,4.707795349,-1.0,Left,-1,-0.1643916,left,-0.8390718268551595
EX01,adult,143.6651163,4.740948837,-1.0,Left,-1,-0.17773885,left,-0.9071975166452807
EX01,adult,144.6697674,4.774102326,-1.0,Left,-1,-0.17579767,left,-0.8972895616762401
EX01,adult,145.6744186,4.807255814,-1.0,Left,-1,-0.1822284,left,-0.9301126762727258
EX01,adult,146.6790698,4.840409302,-1.0,Left,-1,-0.17381547,left,-0.8871722215837653
EX01,adult,147.6837209,4.873562791,-1.0,Left,-1,-0.14985688,left,-0.7648850728181831
EX01,adult,148.6883721,4.906716279,-1.0,Left,-1,-0.1537198,left,-0.7846018043323782
EX01,adult,149.6930233,4.939869767,-1.0,Left,-1,-0.16057104,left,-0.8195712495439428
EX01,adult,150.6976744,4.973023256,-1.0,Left,-1,-0.1740397,left,-0.888316728426278
EX01,adult,151.7023256,5.006176744,-1.0,Left,-1,-0.17378432,left,-0.8870131862430095
EX01,adult,152.7069767,5.039330233,-1.0,Left,-1,-0.15590438,left,-0.7957521515975674
EX01,adult,153.7116279,5.072483721,-1.0,Left,-1,-0.1489775,left,-0.7603966406807534
EX01,adult,154.7162791,5.105637209,-1.0,Left,-1,-0.15273896,left,-0.7795954995812678
EX01,adult,155.7209302,5.138790698,-1.0,Left,-1,-0.13227814,left,-0.6751613798000474
EX01,adult,156.7255814,5.171944186,-1.0,Left,-1,-0.14977325,left,-0.7644582405215203
EX01,adult,157.7302326,5.205097674,-1.0,Left,-1,-0.15142813,left,-0.7729049109367866
EX01,adult,158.7348837,5.238251163,-1.0,Left,-1,-0.18173358,left,-0.9275870490319418
EX01,adult,159.7395349,5.271404651,-1.0,Left,-1,-0.12925173,left,-0.6597142642227298
EX01,adult,160.744186,5.30455814,-1.0,Left,-1,-0.14792183,left,-0.7550083773063642
EX01,adult,161.7488372,5.337711628,-1.0,Left,-1,-0.11016246,left,-0.5622806276320976
EX01,adult,162.7534884,5.370865116,-1.0,Left,-1,-0.10127203,left,-0.5169029620503344
EX01,adult,163.7581395,5.404018605,-1.0,Left,-1,-0.14232571,left,-0.7264452193984174
EX01,adult,164.7627907,5.437172093,-1.0,Left,-1,-0.15661678,left,-0.7993882881689952
EX01,adult,165.7674419,5.470325581,-0.977272727,Left,-1,-0.14622459,left,-0.7463454766310459
EX01,adult,166.772093,5.50347907,-0.954545455,Left,-1,-0.1374295,left,-0.7014544622342784
EX01,adult,167.7767442,5.536632558,-0.931818182,Left,-1,-0.16253778,left,-0.8296097184511646
EX01,adult,168.7813953,5.569786047,-0.909090909,Left,-1,-0.17729196,left,-0.9049165650100498
EX01,adult,169.7860465,5.602939535,-0.886363636,Left,-1,-0.17930105,left,-0.9151711881202502
EX01,adult,170.7906977,5.636093023,-0.863636364,Left,-1,-0.09685198,left,-0.49434257064238035
EX01,adult,171.7953488,5.669246512,-0.840909091,Left,-1,-0.107219666,left,-0.5472603063229059
EX01,adult,172.8,5.7024,-0.818181818,Left,-1,-0.100653104,left,-0.5137438934726375
EX01,adult,173.8046512,5.735553488,-0.795454545,Left,-1,-0.104327746,left,-0.5324996438627532
EX01,adult,174.8093023,5.768706977,-0.772727273,Left,-1,-0.09708021,left,-0.4955074607805996
EX01,adult,175.8139535,5.801860465,-0.75,Left,-1,-0.08188955,left,-0.41797275042380905
EX01,adult,176.8186047,5.835013953,-0.727272727,Left,-1,-0.11469223,left,-0.5854010653010061
EX01,adult,177.8232558,5.868167442,-0.704545455,Centre,0,-0.11282535,left,-0.5758722928720603
EX01,adult,178.827907,5.90132093,-0.681818182,Centre,0,-0.105587415,left,-0.5389291285737983
EX01,adult,179.8325581,5.934474419,-0.659090909,Centre,0,-0.104231864,left,-0.5320102546231102
EX01,adult,180.8372093,5.967627907,-0.636363636,Centre,0,-0.098321244,left,-0.5018418361211927
EX01,adult,181.8418605,6.000781395,-0.613636364,Centre,0,-0.09523145,left,-0.4860712117816058
EX01,adult,182.8465116,6.033934884,-0.590909091,Centre,0,-0.07544044,left,-0.3850558194271214
EX01,adult,183.8511628,6.067088372,-0.568181818,Centre,0,-0.041983403,left,-0.21428764830844124
EX01,adult,184.855814,6.10024186,-0.545454545,Centre,0,-0.08089911,left,-0.4129174649173438
EX01,adult,185.8604651,6.133395349,-0.522727273,Centre,0,-0.0698145,left,-0.3563404713150367
EX01,adult,186.8651163,6.166548837,-0.5,Centre,0,-0.04640718,left,-0.23686707299904677
EX01,adult,187.8697674,6.199702326,-0.477272727,Centre,0,-0.05441957,left,-0.2777631325657299
EX01,adult,188.8744186,6.232855814,-0.454545455,Centre,0,-0.024644362,left,-0.12578738085374216
EX01,adult,189.8790698,6.266009302,-0.431818182,Centre,0,-0.02326431,left,-0.11874345005989875
EX01,adult,190.8837209,6.299162791,-0.409090909,Centre,0,-0.03372068,left,-0.17211384892068549
EX01,adult,191.8883721,6.332316279,-0.386363636,Centre,0,-0.034416296,left,-0.17566434522731597
EX01,adult,192.8930233,6.365469767,-0.363636364,Centre,0,-0.034874894,left,-0.17800507772234317
EX01,adult,193.8976744,6.398623256,-0.340909091,Centre,0,-0.01765809,left,-0.09012872545609715
EX01,adult,194.9023256,6.431776744,-0.318181818,Centre,0,-0.018992867,left,-0.09694156633914716
EX01,adult,195.9069767,6.464930233,-0.295454545,Centre,0,-0.0062978435,left,-0.03214484712185963
EX01,adult,196.9116279,6.498083721,-0.272727273,Centre,0,-0.0069077075,left,-0.035257656361364194
EX01,adult,197.9162791,6.531237209,-0.25,Centre,0,0.006177468,right,0.006569120931074528
EX01,adult,198.9209302,6.564390698,-0.227272727,Centre,0,0.023337014,right,0.024816585318053155
EX01,adult,199.9255814,6.597544186,-0.204545455,Centre,0,0.024427045,right,0.025975724623396885
EX01,adult,200.9302326,6.630697674,-0.181818182,Centre,0,0.026592463,right,0.028278430678063713
EX01,adult,201.9348837,6.663851163,-0.159090909,Centre,0,0.032498557,right,0.03455897206140045
EX01,adult,202.9395349,6.697004651,-0.136363636,Centre,0,0.0219045,right,0.023293249840875496
EX01,adult,203.944186,6.73015814,-0.113636364,Centre,0,0.025104554,right,0.026696188075974615
EX01,adult,204.9488372,6.763311628,-0.090909091,Centre,0,0.020970795,right,0.022300347868162637
EX01,adult,205.9534884,6.796465116,-0.068181818,Centre,0,0.039962064,right,0.04249566725617632
EX01,adult,206.9581395,6.829618605,-0.045454545,Centre,0,0.043218847,right,0.04595893082403612
EX01,adult,207.9627907,6.862772093,-0.022727273,Centre,0,0.03705975,right,0.039409345904158684
EX01,adult,208.9674419,6.895925581,-0.022727273,Centre,0,0.06956949,right,0.07398021031182572
EX01,adult,209.972093,6.92907907,-0.022727273,Centre,0,0.07418848,right,0.07889204246903427
EX01,adult,210.9767442,6.962232558,-0.022727273,Centre,0,0.07940401,right,0.0844382413740954
EX01,adult,211.9813953,6.995386047,-0.022727273,Centre,0,0.07998698,right,0.08505817250909142
EX01,adult,212.9860465,7.028539535,-0.022727273,Centre,0,0.08120165,right,0.08634985086474867
EX01,adult,213.9906977,7.061693023,-0.022727273,Centre,0,0.10496531,right,0.11162012800442975
EX01,adult,214.9953488,7.094846512,-0.022727273,Centre,0,0.10105072,right,0.10745735520303856
EX01,adult,216.0,7.128,-0.022727273,Centre,0,0.08765849,right,0.09321605266770759
EX01,adult,217.0046512,7.161153488,-0.022727273,Centre,0,0.09370786,right,0.09964895631945178
EX01,adult,218.0093023,7.194306977,-0.022727273,Centre,0,0.10728492,right,0.11408680344761099
EX01,adult,219.0139535,7.227460465,0.0,Centre,0,0.11020454,right,0.11719152980987331
EX01,adult,220.0186047,7.260613953,0.0,Centre,0,0.10900212,right,0.11591287678217227
EX01,adult,221.0232558,7.293767442,0.0,Centre,0,0.09747383,right,0.1036536900595641
EX01,adult,222.027907,7.32692093,0.0,Centre,0,0.09680032,right,0.10293747924979689
EX01,adult,223.0325581,7.360074419,0.0,Centre,0,0.072071,right,0.07664031662892597
EX01,adult,224.0372093,7.393227907,0.0,Centre,0,0.07187472,right,0.07643159446367151
EX01,adult,225.0418605,7.426381395,0.0,Centre,0,0.096275136,right,0.10237899850630229
EX01,adult,226.0465116,7.459534884,0.0,Centre,0,0.101051524,right,0.10745821088151743
EX01,adult,227.0511628,7.492688372,0.0,Centre,0,0.06517501,right,0.06930712037317216
EX01,adult,228.055814,7.52584186,0.0,Centre,0,0.069847524,right,0.07427587099512364
EX01,adult,229.0604651,7.558995349,0.0,Centre,0,0.08862042,right,0.09423896875150932
EX01,adult,230.0651163,7.592148837,0.0,Centre,0,0.092869215,right,0.09875714127074212
EX01,adult,231.0697674,7.625302326,0.0,Centre,0,0.095424786,right,0.10147473650490456
EX01,adult,232.0744186,7.658455814,0.0,Centre,0,0.11079976,right,0.11782448627282555
EX01,adult,233.0790698,7.691609302,0.0,Centre,0,0.102998026,right,0.10952812089076257
EX01,adult,234.0837209,7.724762791,0.0,Centre,0,0.09536407,right,0.10141017239449389
EX01,adult,235.0883721,7.757916279,0.0,Centre,0,0.08550186,right,0.09092269173124293
EX01,adult,236.0930233,7.791069767,0.0,Centre,0,0.09901687,right,0.10529455654114223
EX01,adult,237.0976744,7.824223256,0.0,Centre,0,0.09592041,right,0.10200177898724938
EX01,adult,238.1023256,7.857376744,0.0,Centre,0,0.116944194,right,0.12435847882931014
EX01,adult,239.1069767,7.890530233,0.0,Centre,0,0.10890331,right,0.11580780263414599
EX01,adult,240.1116279,7.923683721,0.0,Centre,0,0.10888707,right,0.11579053060559091
EX01,adult,241.1162791,7.956837209,0.0,Centre,0,0.12652919,right,0.13455116241069093
EX01,adult,242.1209302,7.989990698,0.0,Centre,0,0.13557169,right,0.14416696023833245
EX01,adult,243.1255814,8.023144186,0.0,Centre,0,0.12165187,right,0.12936462576996802
EX01,adult,244.1302326,8.056297674,0.0,Centre,0,0.11973626,right,0.12732756430677303
EX01,adult,245.1348837,8.089451163,0.0,Centre,0,0.10976112,right,0.11671999550737107
EX01,adult,246.1395349,8.122604651,0.0,Centre,0,0.11643341,right,0.12381531314599764
EX01,adult,247.144186,8.15575814,0.0,Centre,0,0.116015024,right,0.12337039995172706
EX01,adult,248.1488372,8.188911628,0.0,Centre,0,0.12975268,right,0.13797902624296174
EX01,adult,249.1534884,8.222065116,0.022727273,Centre,0,0.11687575,right,0.1242856986209125
EX01,adult,250.1581395,8.255218605,0.045454545,Centre,0,0.1086133,right,0.11549940184905147
EX01,adult,251.1627907,8.288372093,0.068181818,Right,1,0.12209182,right,0.1298324679782929
EX01,adult,252.1674419,8.321525581,0.090909091,Right,1,0.13024749,right,0.1385052051238788
EX01,adult,253.172093,8.35467907,0.113636364,Right,1,0.13537621,right,0.14395909375155685
EX01,adult,254.1767442,8.387832558,0.136363636,Right,1,0.12660322,right,0.13462988483074742
EX01,adult,255.1813953,8.420986047,0.159090909,Right,1,0.1661919,right,0.17672850538830245
EX01,adult,256.1860465,8.454139535,0.159090909,Right,1,0.16691655,right,0.1774990913962226
EX01,adult,257.1906977,8.487293023,0.181818182,Right,1,0.14082317,right,0.14975138737173221
EX01,adult,258.1953488,8.520446512,0.204545455,Right,1,0.14672154,right,0.1560237166185564
EX01,adult,259.2,8.5536,0.227272727,Right,1,0.14028068,right,0.14917450161799292
EX01,adult,260.2046512,8.586753488,0.25,Right,1,0.12252778,right,0.1302960634860189
EX01,adult,261.2093023,8.619906977,0.272727273,Right,1,0.15756167,right,0.1675511160139023
EX01,adult,262.2139535,8.653060465,0.295454545,Right,1,0.1544985,right,0.16429373819559848
EX01,adult,263.2186047,8.686213953,0.318181818,Right,1,0.14645389,right,0.1557390926030462
EX01,adult,264.2232558,8.719367442,0.340909091,Right,1,0.14794207,right,0.15732162241203212
EX01,adult,265.227907,8.75252093,0.363636364,Right,1,0.16191301,right,0.17217832415560064
EX01,adult,266.2325581,8.785674419,0.386363636,Right,1,0.13520443,right,0.14377642224221482
EX01,adult,267.2372093,8.818827907,0.409090909,Right,1,0.19674262,right,0.20921614527113408
EX01,adult,268.2418605,8.851981395,0.431818182,Right,1,0.18554804,right,0.19731181950584378
EX01,adult,269.2465116,8.885134884,0.454545455,Right,1,0.2169768,right,0.2307331789140033
EX01,adult,270.2511628,8.918288372,0.477272727,Right,1,0.21804072,right,0.23186454432205356
EX01,adult,271.255814,8.95144186,0.5,Right,1,0.21486117,right,0.228483410042268
EX01,adult,272.2604651,8.984595349,0.522727273,Right,1,0.21148588,right,0.2248941240495472
EX01,adult,273.2651163,9.017748837,0.545454545,Right,1,0.21751076,right,0.23130098496832785
EX01,adult,274.2697674,9.050902326,0.568181818,Right,1,0.21419059,right,0.22777031295141
EX01,adult,275.2744186,9.084055814,0.590909091,Right,1,0.23227106,right,0.2469970914537749
EX01,adult,276.2790698,9.117209302,0.613636364,Right,1,0.27524754,right,0.29269829271226877
EX01,adult,277.2837209,9.150362791,0.613636364,Right,1,0.2807342,right,0.2985328156499664
EX01,adult,278.2883721,9.183516279,0.636363636,Right,1,0.28634897,right,0.3045035499247827
EX01,adult,279.2930233,9.216669767,0.659090909,Right,1,0.31115097,right,0.3308780009119631
EX01,adult,280.2976744,9.249823256,0.681818182,Right,1,0.27633575,right,0.29385548693366287
EX01,adult,281.3023256,9.282976744,0.704545455,Right,1,0.3385509,right,0.3600150890976801
EX01,adult,282.3069767,9.316130233,0.727272727,Right,1,0.3451212,right,0.3670019574120581
EX01,adult,283.3116279,9.349283721,0.75,Right,1,0.30855995,right,0.3281227162099858
EX01,adult,284.3162791,9.382437209,0.772727273,Right,1,0.31258962,right,0.33240785895680497
EX01,adult,285.3209302,9.415590698,0.795454545,Right,1,0.3155127,right,0.335516253644398
EX01,adult,286.3255814,9.448744186,0.818181818,Right,1,0.36985397,right,0.39330278835825977
EX01,adult,287.3302326,9.481897674,0.840909091,Right,1,0.42072356,right,0.44739751412091333
EX01,adult,288.3348837,9.515051163,0.863636364,Right,1,0.43332082,right,0.46079344593386024
EX01,adult,289.3395349,9.548204651,0.886363636,Right,1,0.46398818,right,0.49340512750433324
EX01,adult,290.344186,9.58135814,0.909090909,Right,1,0.47534287,right,0.5054797015951241
EX01,adult,291.3488372,9.614511628,0.931818182,Right,1,0.492916,right,0.5241669589706606
EX01,adult,292.3534884,9.647665116,0.954545455,Right,1,0.49555197,right,0.5269700665920684
EX01,adult,293.3581395,9.680818605,0.977272727,Right,1,0.5028118,right,0.5346901562874558
EX01,adult,294.3627907,9.713972093,1.0,Right,1,0.5310719,right,0.56474196476709
EX01,adult,295.3674419,9.747125581,1.0,Right,1,0.52339137,right,0.5565744819944332
EX01,adult,296.372093,9.78027907,1.0,Right,1,0.52980983,right,0.5633998806106679
EX01,adult,297.3767442,9.813432558,1.0,Right,1,0.5290692,right,0.5626122761085568
EX01,adult,298.3813953,9.846586047,1.0,Right,1,0.5478229,right,0.5825549722715805
EX01,adult,299.3860465,9.879739535,1.0,Right,1,0.5816967,right,0.6185763741213925
EX01,adult,300.3906977,9.912893023,1.0,Right,1,0.58079445,right,0.6176169367040051
EX01,adult,301.3953488,9.946046512,1.0,Right,1,0.54770863,right,0.5824334659275802
EX01,adult,302.4,9.9792,1.0,Right,1,0.48568764,right,0.5164803358113359
EX01,adult,303.4046512,10.01235349,1.0,Right,1,0.5200462,right,0.5530172047151813
EX01,adult,304.4093023,10.04550698,1.0,Right,1,0.52054656,right,0.5535493099618596
EX01,adult,305.4139535,10.07866047,1.0,Right,1,0.54458505,right,0.5791118488397697
EX01,adult,306.4186047,10.11181395,1.0,Right,1,0.49261186,right,0.5238435441974414
EX01,adult,307.4232558,10.14496744,1.0,Right,1,0.51350677,right,0.5460632007927513
EX01,adult,308.427907,10.17812093,1.0,Right,1,0.51306546,right,0.5455939086847816
EX01,adult,309.4325581,10.21127442,1.0,Right,1,0.5327167,right,0.5664910349615014
EX01,adult,310.4372093,10.24442791,1.0,Right,1,0.5257677,right,0.5591014590015284
EX01,adult,311.4418605,10.2775814,1.0,Right,1,0.53284955,right,0.5666323169859023
EX01,adult,312.4465116,10.31073488,1.0,Right,1,0.54717016,right,0.5818608585662353
EX01,adult,313.4511628,10.34388837,1.0,Right,1,0.54599386,right,0.5806099833973022
EX01,adult,314.455814,10.37704186,1.0,Right,1,0.53177255,right,0.5654870388796215
EX01,adult,315.4604651,10.41019535,1.0,Right,1,0.5293898,right,0.5629532164446952
EX01,adult,316.4651163,10.44334884,1.0,Right,1,0.5294394,right,0.5630059515924303
EX01,adult,317.4697674,10.47650233,1.0,Right,1,0.54391205,right,0.5783961847134751
EX01,adult,318.4744186,10.50965581,1.0,Right,1,0.54449475,right,0.5790158226993626
EX01,adult,319.4790698,10.5428093,1.0,Right,1,0.522978,right,0.5561349167906555
EX01,adult,320.4837209,10.57596279,1.0,Right,1,0.52079105,right,0.5538093094522555
EX01,adult,321.4883721,10.60911628,1.0,Right,1,0.51155627,right,0.5439890361599584
EX01,adult,322.4930233,10.64226977,1.0,Right,1,0.5352821,right,0.5692190647193368
EX01,adult,323.4976744,10.67542326,1.0,Right,1,0.53882384,right,0.5729853810817982
EX01,adult,324.5023256,10.70857674,1.0,Right,1,0.5357476,right,0.5697140905652638
EX01,adult,325.5069767,10.74173023,1.0,Right,1,0.54397035,right,0.5784581738655002
EX01,adult,326.5116279,10.77488372,1.0,Right,1,0.5699719,right,0.6061082513139101
EX01,adult,327.5162791,10.80803721,1.0,Right,1,0.52818424,right,0.5616712199325674
EX01,adult,328.5209302,10.8411907,1.0,Right,1,0.54122996,right,0.5755440498844073
EX01,adult,329.5255814,10.87434419,1.0,Right,1,0.57049143,right,0.6066607026933082
EX01,adult,330.5302326,10.90749767,1.0,Right,1,0.54940087,right,0.5842329894604498
EX01,adult,331.5348837,10.94065116,1.0,Right,1,0.52350664,right,0.5566970658594809
EX01,adult,332.5395349,10.97380465,1.0,Centre,0,0.5359071,right,0.5698837050548541
EX01,adult,333.544186,11.00695814,1.0,Centre,0,0.5025974,right,0.5344621655105288
EX01,adult,334.5488372,11.04011163,0.977272727,Centre,0,0.48779607,right,0.5187224352685569
EX01,adult,335.5534884,11.07326512,0.954545455,Centre,0,0.4626534,right,0.49198571536685726
EX01,adult,336.5581395,11.1064186,0.931818182,Centre,0,0.43537548,right,0.4629783733919741
EX01,adult,337.5627907,11.13957209,0.909090909,Centre,0,0.39820915,right,0.42345569366558333
EX01,adult,338.5674419,11.17272558,0.886363636,Centre,0,0.38580817,right,0.4102684840178909
EX01,adult,339.572093,11.20587907,0.863636364,Centre,0,0.34437016,right,0.3662032924733127
EX01,adult,340.5767442,11.23903256,0.840909091,Centre,0,0.31944644,right,0.3396994121932535
EX01,adult,341.5813953,11.27218605,0.818181818,Centre,0,0.30888674,right,0.32847021674779553
EX01,adult,342.5860465,11.30533953,0.795454545,Centre,0,0.3111568,right,0.33088421250388383
EX01,adult,343.5906977,11.33849302,0.772727273,Centre,0,0.3269089,right,0.3476349744063398
EX01,adult,344.5953488,11.37164651,0.75,Centre,0,0.25026977,right,0.26613692351514745
EX01,adult,345.6,11.4048,0.727272727,Centre,0,0.29040813,right,0.30882006754916064
EX01,adult,346.6046512,11.43795349,0.727272727,Centre,0,0.19259928,right,0.20481011417032718
EX01,adult,347.6093023,11.47110698,0.704545455,Centre,0,0.2007214,right,0.21344717427711332
EX01,adult,348.6139535,11.50426047,0.681818182,Centre,0,0.21798268,right,0.23180282455029025
EX01,adult,349.6186047,11.53741395,0.659090909,Centre,0,0.18540715,right,0.19716199654255187
EX01,adult,350.6232558,11.57056744,0.636363636,Centre,0,0.19313857,right,0.20538359305604872
EX01,adult,351.627907,11.60372093,0.613636364,Centre,0,0.185323,right,0.19707251475791843
EX01,adult,352.6325581,11.63687442,0.590909091,Centre,0,0.18848097,right,0.20043070417775194
EX01,adult,353.6372093,11.67002791,0.568181818,Centre,0,0.1774182,right,0.18866655122401954
EX01,adult,354.6418605,11.7031814,0.545454545,Centre,0,0.17652763,right,0.18771952114457582
EX01,adult,355.6465116,11.73633488,0.522727273,Centre,0,0.17053287,right,0.18134468478516194
EX01,adult,356.6511628,11.76948837,0.5,Centre,0,0.17871304,right,0.19004348050960915
EX01,adult,357.655814,11.80264186,0.477272727,Centre,0,0.17248575,right,0.18342138476159595
EX01,adult,358.6604651,11.83579535,0.454545455,Centre,0,0.17467247,right,0.18574673856563187
EX01,adult,359.6651163,11.86894884,0.431818182,Centre,0,0.19418973,right,0.206501394375619
EX01,adult,360.6697674,11.90210233,0.409090909,Centre,0,0.19753678,right,0.21006065239209037
EX01,adult,361.6744186,11.93525581,0.386363636,Centre,0,0.16832882,right,0.17900090220203468
EX01,adult,362.6790698,11.9684093,0.363636364,Centre,0,0.1562197,right,0.16612406615370748
EX01,adult,363.6837209,12.00156279,0.340909091,Centre,0,0.15030189,right,0.15983105801031047
EX01,adult,364.6883721,12.03471628,0.318181818,Centre,0,0.124353655,right,0.1322377009529216
EX01,adult,365.6930233,12.06786977,0.295454545,Centre,0,0.13778584,right,0.14652148634013892
EX01,adult,366.6976744,12.10102326,0.295454545,Centre,0,0.11251003,right,0.11964319126492985
EX01,adult,367.7023256,12.13417674,0.272727273,Centre,0,0.10023499,right,0.10658991114507908
EX01,adult,368.7069767,12.16733023,0.25,Centre,0,0.095490836,right,0.1015449734467122
EX01,adult,369.7116279,12.20048372,0.227272727,Centre,0,0.1163647,right,0.12374224771144036
EX01,adult,370.7162791,12.23363721,0.204545455,Centre,0,0.11761851,right,0.12507554531755624
EX01,adult,371.7209302,12.2667907,0.181818182,Centre,0,0.09963046,right,0.10594705099602876
EX01,adult,372.7255814,12.29994419,0.159090909,Centre,0,0.09659552,right,0.10271969323102545
EX01,adult,373.7302326,12.33309767,0.136363636,Centre,0,0.09802937,right,0.10424444889678958
EX01,adult,374.7348837,12.36625116,0.113636364,Centre,0,0.08697379,right,0.09248794158872492
EX01,adult,375.7395349,12.39940465,0.090909091,Centre,0,0.08517615,right,0.09057633209807166
EX01,adult,376.744186,12.43255814,0.068181818,Centre,0,0.08233322,right,0.08755316457156433
EX01,adult,377.7488372,12.46571163,0.045454545,Centre,0,0.11407464,right,0.12130699468351115
EX01,adult,378.7534884,12.49886512,0.0,Centre,0,0.11065888,right,0.11767467123248251
EX01,adult,379.7581395,12.5320186,0.0,Centre,0,0.09186255,right,0.09768665580187405
EX01,adult,380.7627907,12.56517209,0.0,Centre,0,0.09657901,right,0.10270213597631077
EX01,adult,381.7674419,12.59832558,0.0,Centre,0,0.09037277,right,0.09610242255887924
EX01,adult,382.772093,12.63147907,0.0,Centre,0,0.09723335,right,0.10339796103861366
EX01,adult,383.7767442,12.66463256,0.0,Centre,0,0.08659934,right,0.09208975794693956
EX01,adult,384.7813953,12.69778605,0.0,Centre,0,0.085899465,right,0.09134550782109145
EX01,adult,385.7860465,12.73093953,0.0,Centre,0,0.060344033,right,0.06416985655152446
EX01,adult,386.7906977,12.76409302,0.0,Centre,0,0.064652495,right,0.06875147604537606
EX01,adult,387.7953488,12.79724651,0.0,Centre,0,0.06788185,right,0.0721855752384142
EX01,adult,388.8,12.8304,0.0,Centre,0,0.063969664,right,0.06802535362656188
EX01,adult,389.8046512,12.86355349,0.0,Centre,0,0.072847314,right,0.07746584828731833
EX01,adult,390.8093023,12.89670698,0.0,Centre,0,0.062012773,right,0.06594439506510573
EX01,adult,391.8139535,12.92986047,0.0,Centre,0,0.06807812,right,0.07239428948071978
EX01,adult,392.8186047,12.96301395,0.0,Centre,0,0.08026608,right,0.08535496617407898
EX01,adult,393.8232558,12.99616744,0.0,Centre,0,0.0660448,right,0.07023205334819382
EX01,adult,394.827907,13.02932093,0.0,Centre,0,0.06772978,right,0.07202385992885572
EX01,adult,395.8325581,13.06247442,0.0,Centre,0,0.06431348,right,0.06839096602550784
EX01,adult,396.8372093,13.09562791,0.0,Centre,0,0.06352625,right,0.06755382724700852
EX01,adult,397.8418605,13.1287814,0.0,Centre,0,0.073109895,right,0.0777450767746423
EX01,adult,398.8465116,13.16193488,0.0,Centre,0,0.071489364,right,0.07602180370177919
EX01,adult,399.8511628,13.19508837,0.0,Centre,0,0.07460153,right,0.07933128283190785
EX01,adult,400.855814,13.22824186,0.0,Centre,0,0.06521283,right,0.06934733726167928
EX01,adult,401.8604651,13.26139535,0.0,Centre,0,0.06521123,right,0.06934563382767041
EX01,adult,402.8651163,13.29454884,0.0,Centre,0,0.06350548,right,0.06753173806553533
EX01,adult,403.8697674,13.32770233,0.0,Centre,0,0.0620197,right,0.06595175944608826
EX01,adult,404.8744186,13.36085581,0.0,Centre,0,0.056958627,right,0.06056981515570116
EX01,adult,405.8790698,13.3940093,0.0,Centre,0,0.10918695,right,0.11610942137500052
EX01,adult,406.8837209,13.42716279,0.0,Centre,0,0.10092476,right,0.10732340982929911
EX01,adult,407.8883721,13.46031628,0.0,Centre,0,0.10541218,right,0.11209533063226274
EX01,adult,408.8930233,13.49346977,0.0,Centre,0,0.13970996,right,0.148567603733902
EX01,adult,409.8976744,13.52662326,0.0,Centre,0,0.13529551,right,0.14387327236930525
EX01,adult,410.9023256,13.55977674,0.0,Centre,0,0.108613566,right,0.11549968707521109
EX01,adult,411.9069767,13.59293023,0.0,Centre,0,0.112932414,right,0.12009235115979928
EX01,adult,412.9116279,13.62608372,0.0,Centre,0,0.107330725,right,0.11413551373731583
EX01,adult,413.9162791,13.65923721,0.0,Centre,0,0.09302289,right,0.09892056001430947
EX01,adult,414.9209302,13.6923907,0.0,Centre,0,0.08543368,right,0.09085018882605603
EX01,adult,415.9255814,13.72554419,0.0,Centre,0,0.053125806,right,0.05649399275677675
EX01,adult,416.9302326,13.75869767,0.0,Centre,0,0.070180684,right,0.07463015357717338
EX01,adult,417.9348837,13.79185116,0.0,Centre,0,0.07381031,right,0.07848989735280967
EX01,adult,418.9395349,13.82500465,0.0,Centre,0,0.06919692,right,0.07358401533020886
EX01,adult,419.944186,13.85815814,0.0,Blink,0,0.058636952,right,0.062354546543014575
EX01,adult,420.9488372,13.89131163,0.0,Blink,0,0.11961935,right,0.12720323739297204
EX01,adult,421.9534884,13.92446512,0.0,Blink,0,0.6538631,right,0.6953181203418607
EX01,adult,422.9581395,13.9576186,0.0,Blink,0,0.94037974,right,1.0
EX01,adult,423.9627907,13.99077209,0.0,Blink,0,0.91364753,right,0.9715729664927717
EX01,adult,424.9674419,14.02392558,0.0,Blink,0,0.8445081,right,0.898050092559058
EX01,adult,425.972093,14.05707907,0.0,Blink,0,0.29696643,right,0.3157941640699466
EX01,adult,426.9767442,14.09023256,0.0,Blink,0,0.108838074,right,0.11573842929376608
EX01,adult,427.9813953,14.12338605,0.0,Centre,0,0.21759064,right,0.23138593482620282
EX01,adult,428.9860465,14.15653953,0.0,Centre,0,0.17874391,right,0.19007631320976154
EX01,adult,429.9906977,14.18969302,0.0,Centre,0,0.13289307,right,0.14131851750344204
EX01,adult,430.9953488,14.22284651,0.0,Centre,0,0.10261214,right,0.10911776759949988
EX01,adult,432.0,14.256,0.0,,0,0.1195485,right,0.12712789807208666
EX03,adult,0.0,0.0,0.0,Centre,0,0.13648275,right,0.36026538610794756
EX03,adult,1.0,0.033,0.0,Centre,0,0.13708356,right,0.36185132125468555
EX03,adult,2.0,0.066,0.0,Centre,0,0.13114044,right,0.34616362209336676
EX03,adult,3.0,0.099,0.0,Centre,0,0.074257985,right,0.1960143860680632
EX03,adult,4.0,0.132,0.0,Centre,0,0.084588125,right,0.22328224382761672
EX03,adult,5.0,0.165,0.0,Centre,0,0.076284386,right,0.2013633574876396
EX03,adult,6.0,0.198,0.0,Centre,0,0.048709754,right,0.12857624048881416
EX03,adult,7.0,0.231,0.0,Centre,0,0.052016333,right,0.1373044200154141
EX03,adult,8.0,0.264,0.0,Centre,0,0.058489144,right,0.15439031453043064
EX03,adult,9.0,0.297,0.0,Centre,0,0.06116376,right,0.16145034162506275
EX03,adult,10.0,0.33,0.0,Centre,0,0.09104363,right,0.24032245223963386
EX03,adult,11.0,0.363,0.0,Centre,0,0.08995945,right,0.2374606102404682
EX03,adult,12.0,0.396,0.0,Centre,0,0.09731244,right,0.2568698682784886
EX03,adult,13.0,0.429,0.0,Centre,0,0.07509422,right,0.19822175448323648
EX03,adult,14.0,0.462,0.0,Centre,0,0.07758055,right,0.20478476083098912
EX03,adult,15.0,0.495,0.0,Centre,0,0.06692524,right,0.176658582540569
EX03,adult,16.0,0.528,0.0,Centre,0,0.061463095,right,0.16224047717138398
EX03,adult,17.0,0.561,0.0,Centre,0,0.05723666,right,0.15108420812157702
EX03,adult,18.0,0.594,0.0,Centre,0,0.019006182,right,0.05016948698538037
EX03,adult,19.0,0.627,0.0,Centre,0,0.019931098,right,0.0526109352195053
EX03,adult,20.0,0.66,0.0,Centre,0,0.040234506,right,0.10620463299171483
EX03,adult,21.0,0.693,0.0,Centre,0,0.04049443,right,0.10689074071116762
EX03,adult,22.0,0.726,0.0,Centre,0,0.054919444,right,0.14496759020379818
EX03,adult,23.0,0.759,0.0,Centre,0,0.044964813,right,0.11869094191095587
EX03,adult,24.0,0.792,0.0,Centre,0,0.044932853,right,0.11860658093858568
EX03,adult,25.0,0.825,0.0,Centre,0,0.04432299,right,0.11699676039705963
EX03,adult,26.0,0.858,0.0,Centre,0,0.049682073,right,0.13114281416797052
EX03,adult,27.0,0.891,0.0,Centre,0,0.04990152,right,0.13172207186693438
EX03,adult,28.0,0.924,0.0,Centre,0,0.035706066,right,0.09425117782824904
EX03,adult,29.0,0.957,0.0,Centre,0,0.035991024,right,0.09500336617881591
EX03,adult,30.0,0.99,0.0,Centre,0,0.057513095,right,0.15181389759059793
EX03,adult,31.0,1.023,0.0,Centre,0,0.057419352,right,0.1515664492273011
EX03,adult,32.0,1.056,0.0,Centre,0,0.044885986,right,0.11848286659036451
EX03,adult,33.0,1.089,0.0,Centre,0,0.044366136,right,0.11711065115145892
EX03,adult,34.0,1.122,0.0,Centre,0,0.0425187,right,0.1122340874103575
EX03,adult,35.0,1.155,0.0,Centre,0,0.04295413,right,0.11338345772094353
EX03,adult,36.0,1.188,0.0,Centre,0,0.050557718,right,0.13345420057658497
EX03,adult,37.0,1.221,0.0,Centre,0,0.051735636,right,0.13656348110562022
EX03,adult,38.0,1.254,0.0,Centre,0,0.051493555,right,0.1359244755026907
EX03,adult,39.0,1.287,0.0,Centre,0,0.05751656,right,0.1518230426779396
EX03,adult,40.0,1.32,0.0,Centre,0,0.057375673,right,0.15145115229280517
EX03,adult,41.0,1.353,0.0,Centre,0,0.058151186,right,0.15349822601039054
EX03,adult,42.0,1.386,0.0,Centre,0,0.06657024,right,0.1757214962574369
EX03,adult,43.0,1.419,0.0,Centre,0,0.047980044,right,0.1266500687592567
EX03,adult,44.0,1.452,0.0,Centre,0,0.058882225,right,0.15542790827347594
EX03,adult,45.0,1.485,0.0,Centre,0,0.05894002,right,0.15558046406381879
EX03,adult,46.0,1.518,0.0,Centre,0,0.060381588,right,0.15938568573955594
EX03,adult,47.0,1.551,0.0,Centre,0,0.05198677,right,0.1372263819367651
EX03,adult,48.0,1.584,0.0,Centre,0,0.050473027,right,0.1332306474415035
EX03,adult,49.0,1.617,0.0,Centre,0,0.061302245,right,0.1618158894496215
EX03,adult,50.0,1.65,0.0,Centre,0,0.06109132,right,0.16125912079877638
EX03,adult,51.0,1.683,0.0,Centre,0,0.038325552,right,0.10116568003302144
EX03,adult,52.0,1.716,0.0,Centre,0,0.039532762,right,0.10435228080051649
EX03,adult,53.0,1.749,0.0,Centre,0,0.046346992,right,0.12233939908948757
EX03,adult,54.0,1.782,0.0,Centre,0,0.039072834,right,0.10313823603891299
EX03,adult,55.0,1.815,0.0,Centre,0,0.039283756,right,0.10369499485633088
EX03,adult,56.0,1.848,0.0,Centre,0,0.02225071,right,0.05873387603100535
EX03,adult,57.0,1.881,0.0,Centre,0,0.020955883,right,0.055315997971324624
EX03,adult,58.0,1.914,0.0,Centre,0,0.021125792,right,0.05576449567144333
EX03,adult,59.0,1.947,0.0,Centre,0,0.0240321,right,0.06343610294040715
EX03,adult,60.0,1.98,0.0,Centre,0,0.021233384,right,0.05604849980053876
EX03,adult,61.0,2.013,0.0,Centre,0,0.019878367,right,0.05247174305679402
EX03,adult,62.0,2.046,0.0,Centre,0,0.022455774,right,0.05927517178407399
EX03,adult,63.0,2.079,0.0,Centre,0,0.022338862,right,0.058966564420001255
EX03,adult,64.0,2.112,0.0,Centre,0,0.019354258,right,0.05108828309382907
EX03,adult,65.0,2.145,0.0,Centre,0,0.023276562,right,0.06144175605973154
EX03,adult,66.0,2.178,0.0,Centre,0,0.03663844,right,0.0967123076670131
EX03,adult,67.0,2.211,0.0,Centre,0,0.036951363,right,0.0975383155559391
EX03,adult,68.0,2.244,0.0,Centre,0,0.036035765,right,0.09512146564007784
EX03,adult,69.0,2.277,0.0,Centre,0,0.0365929,right,0.09659210385231985
EX03,adult,70.0,2.31,0.0,Centre,0,0.050683685,right,0.13378670808558668
EX03,adult,71.0,2.343,0.0,Centre,0,0.02530216,right,0.06678860837573573
EX03,adult,72.0,2.376,0.0,Centre,0,0.025308818,right,0.06680618071022991
EX03,adult,73.0,2.409,0.0,Centre,0,0.030333672,right,0.08006998922177706
EX03,adult,74.0,2.442,0.0,Centre,0,0.030818103,right,0.08134871335111164
EX03,adult,75.0,2.475,0.0,Centre,0,0.036066126,right,0.09520160807215816
EX03,adult,76.0,2.508,0.0,Centre,0,0.06564479,right,0.17327865659335623
EX03,adult,77.0,2.541,0.0,Centre,0,0.056388177,right,0.1488445172310359
EX03,adult,78.0,2.574,0.0,Centre,0,0.053140983,right,0.14027309236821417
EX03,adult,79.0,2.607,0.0,Centre,0,0.053140983,right,0.14027309236821417
EX03,adult,80.0,2.64,0.0,Centre,0,0.05400252,right,0.14254723958783622
EX03,adult,81.0,2.673,0.0,Centre,0,0.053965766,right,0.14245022299459642
EX03,adult,82.0,2.706,0.0,Centre,0,0.054064035,right,0.14270961897200093
EX03,adult,83.0,2.739,0.0,Centre,0,0.028487304,right,0.0751962427575825
EX03,adult,84.0,2.772,0.0,Centre,0,0.028162397,right,0.0743386056499097
EX03,adult,85.0,2.805,0.0,Centre,0,0.037542585,right,0.09909892962751056
EX03,adult,86.0,2.838,0.0,Centre,0,0.05406457,right,0.14271103498552482
EX03,adult,87.0,2.871,0.0,Centre,0,0.053419817,right,0.1410091145643835
EX03,adult,88.0,2.904,0.0,Centre,0,0.036005408,right,0.09504133304142477
EX03,adult,89.0,2.937,0.0,Centre,0,0.03591379,right,0.09479949956508718
EX03,adult,90.0,2.97,0.0,Centre,0,0.039300535,right,0.10373928461266091
EX03,adult,91.0,3.003,0.0,Centre,0,0.039827574,right,0.10513047856615729
EX03,adult,92.0,3.036,-0.022727273,Centre,0,0.02692882,right,0.07108240388434536
EX03,adult,93.0,3.069,-0.045454545,Centre,0,0.026897661,right,0.07100015709883373
EX03,adult,94.0,3.102,-0.068181818,Left,-1,0.038843535,right,0.1025329689248752
EX03,adult,95.0,3.135,-0.090909091,Left,-1,0.02301424,right,0.06074932052984394
EX03,adult,96.0,3.168,-0.113636364,Left,-1,-0.0101168165,left,-0.040880367546821714
EX03,adult,97.0,3.201,-0.136363636,Left,-1,-0.052298624,left,-0.21133001418620784
EX03,adult,98.0,3.234,-0.159090909,Left,-1,-0.057641193,left,-0.23291844496040387
EX03,adult,99.0,3.267,-0.181818182,Left,-1,-0.057831876,left,-0.23368896197421915
EX03,adult,100.0,3.3,-0.204545455,Left,-1,-0.15385935,left,-0.6217199512514692
EX03,adult,101.0,3.333,-0.227272727,Left,-1,-0.13672456,left,-0.5524811412551301
EX03,adult,102.0,3.366,-0.25,Left,-1,-0.12769724,left,-0.5160032587333089
EX03,adult,103.0,3.399,-0.272727273,Left,-1,-0.13736825,left,-0.5550821668047554
EX03,adult,104.0,3.432,-0.295454545,Left,-1,-0.17350015,left,-0.7010851606003969
EX03,adult,105.0,3.465,-0.318181818,Left,-1,-0.20765652,left,-0.8391053416250794
EX03,adult,106.0,3.498,-0.340909091,Left,-1,-0.19882442,left,-0.8034163110079192
EX03,adult,107.0,3.531,-0.363636364,Left,-1,-0.20631455,left,-0.8336826697046186
EX03,adult,108.0,3.564,-0.386363636,Left,-1,-0.20682882,left,-0.8357607444266749
EX03,adult,109.0,3.597,-0.409090909,Left,-1,-0.22646323,left,-0.9151001223530318
EX03,adult,110.0,3.63,-0.431818182,Left,-1,-0.22506854,left,-0.9094644164627449
EX03,adult,111.0,3.663,-0.454545455,Left,-1,-0.21075672,left,-0.8516327385884122
EX03,adult,112.0,3.696,-0.477272727,Left,-1,-0.2148191,left,-0.8680481560338349
EX03,adult,113.0,3.729,-0.5,Left,-1,-0.22136328,left,-0.8944920663211238
EX03,adult,114.0,3.762,-0.522727273,Left,-1,-0.22200884,left,-0.8971006787221334
EX03,adult,115.0,3.795,-0.545454545,Left,-1,-0.22457851,left,-0.9074843084645177
EX03,adult,116.0,3.828,-0.568181818,Left,-1,-0.22929285,left,-0.9265341697335209
EX03,adult,117.0,3.861,-0.590909091,Left,-1,-0.22943638,left,-0.9271141423726854
EX03,adult,118.0,3.894,-0.613636364,Left,-1,-0.22631358,left,-0.9144954021272086
EX03,adult,119.0,3.927,-0.636363636,Left,-1,-0.22112492,left,-0.8935288974739398
EX03,adult,120.0,3.96,-0.659090909,Left,-1,-0.2210232,left,-0.8931178828108441
EX03,adult,121.0,3.993,-0.681818182,Left,-1,-0.16402437,left,-0.6627951044336114
EX03,adult,122.0,4.026,-0.704545455,Left,-1,-0.1699041,left,-0.6865541123143027
EX03,adult,123.0,4.059,-0.727272727,Left,-1,-0.1694897,left,-0.6848795858301702
EX03,adult,124.0,4.092,-0.75,Left,-1,-0.17384264,left,-0.7024690986338851
EX03,adult,125.0,4.125,-0.772727273,Left,-1,-0.17386182,left,-0.7025465929015974
EX03,adult,126.0,4.158,-0.795454545,Left,-1,-0.18683648,left,-0.7549750476887801
EX03,adult,127.0,4.191,-0.818181818,Left,-1,-0.18778029,left,-0.7587888254108942
EX03,adult,128.0,4.224,-0.840909091,Left,-1,-0.20858544,left,-0.8428589664540742
EX03,adult,129.0,4.257,-0.863636364,Left,-1,-0.21079239,left,-0.8517768887647161
EX03,adult,130.0,4.29,-0.886363636,Left,-1,-0.21122144,left,-0.8535106047322685
EX03,adult,131.0,4.323,-0.909090909,Left,-1,-0.20571323,left,-0.8312528300159926
EX03,adult,132.0,4.356,-0.931818182,Left,-1,-0.20564345,left,-0.8309708520395384
EX03,adult,133.0,4.389,-0.954545455,Left,-1,-0.20352037,left,-0.8223918693038401
EX03,adult,134.0,4.422,-0.977272727,Left,-1,-0.20724933,left,-0.83745995828436
EX03,adult,135.0,4.455,-1.0,Left,-1,-0.20669992,left,-0.8352399010578239
EX03,adult,136.0,4.488,-1.0,Left,-1,-0.21028107,left,-0.8497107362376924
EX03,adult,137.0,4.521,-1.0,Left,-1,-0.225117,left,-0.9096602294841905
EX03,adult,138.0,4.554,-1.0,Left,-1,-0.2091748,left,-0.8452404550184012
EX03,adult,139.0,4.587,-1.0,Left,-1,-0.20876414,left,-0.8435810420239311
EX03,adult,140.0,4.62,-1.0,Left,-1,-0.21311414,left,-0.8611586928457196
EX03,adult,141.0,4.653,-1.0,Left,-1,-0.2134814,left,-0.8626427050617546
EX03,adult,142.0,4.686,-1.0,Left,-1,-0.22000374,left,-0.8889984031484229
EX03,adult,143.0,4.719,-1.0,Left,-1,-0.21715683,left,-0.8774945085647122
EX03,adult,144.0,4.752,-1.0,Left,-1,-0.21698025,left,-0.8767809832559395
EX03,adult,145.0,4.785,-1.0,Left,-1,-0.21236898,left,-0.8581476160426983
EX03,adult,146.0,4.818,-1.0,Left,-1,-0.20906588,left,-0.8448003574249986
EX03,adult,147.0,4.851,-1.0,Left,-1,-0.21927938,left,-0.8860713838416925
EX03,adult,148.0,4.884,-1.0,Left,-1,-0.20618805,left,-0.8331715206458699
EX03,adult,149.0,4.917,-1.0,Left,-1,-0.20610924,left,-0.8328530535270429
EX03,adult,150.0,4.95,-1.0,Left,-1,-0.20766824,left,-0.839152729339679
EX03,adult,151.0,4.983,-1.0,Left,-1,-0.20752762,left,-0.8385844982562285
EX03,adult,152.0,5.016,-1.0,Left,-1,-0.20170757,left,-0.8150666438659705
EX03,adult,153.0,5.049,-1.0,Left,-1,-0.20170757,left,-0.8150666438659705
EX03,adult,154.0,5.082,-1.0,Left,-1,-0.20440347,left,-0.8259603388311914
EX03,adult,155.0,5.115,-1.0,Left,-1,-0.22606803,left,-0.9135032105628239
EX03,adult,156.0,5.148,-1.0,Left,-1,-0.22620037,left,-0.914037963159213
EX03,adult,157.0,5.181,-1.0,Left,-1,-0.20405115,left,-0.8245366601475944
EX03,adult,158.0,5.214,-1.0,Left,-1,-0.2043417,left,-0.8257106952927802
EX03,adult,159.0,5.247,-1.0,Left,-1,-0.2043417,left,-0.8257106952927802
EX03,adult,160.0,5.28,-1.0,Left,-1,-0.1963783,left,-0.7935319683423573
EX03,adult,161.0,5.313,-1.0,Left,-1,-0.19673038,left,-0.7949546234031484
EX03,adult,162.0,5.346,-1.0,Left,-1,-0.19657938,left,-0.7943444839977649
EX03,adult,163.0,5.379,-1.0,Left,-1,-0.19819166,left,-0.8008594216651573
EX03,adult,164.0,5.412,-1.0,Left,-1,-0.21018147,left,-0.8493082718356808
EX03,adult,165.0,5.445,-0.977272727,Left,-1,-0.20843044,left,-0.8422326297231161
EX03,adult,166.0,5.478,-0.954545455,Left,-1,-0.20996176,left,-0.848420429584385
EX03,adult,167.0,5.511,-0.931818182,Left,-1,-0.21396556,left,-0.8645991493092352
EX03,adult,168.0,5.544,-0.909090909,Left,-1,-0.21015352,left,-0.8491953120484017
EX03,adult,169.0,5.577,-0.886363636,Left,-1,-0.21793872,left,-0.8806540106745795
EX03,adult,170.0,5.61,-0.886363636,Left,-1,-0.22606589,left,-0.9134945398755274
EX03,adult,171.0,5.643,-0.863636364,Left,-1,-0.2120425,left,-0.8568283468852964
EX03,adult,172.0,5.676,-0.840909091,Left,-1,-0.21281534,left,-0.8599512996396848
EX03,adult,173.0,5.709,-0.818181818,Left,-1,-0.20978813,left,-0.8477188264706449
EX03,adult,174.0,5.742,-0.795454545,Left,-1,-0.19691813,left,-0.7957133085415904
EX03,adult,175.0,5.775,-0.772727273,Centre,0,-0.19682464,left,-0.7953355315131313
EX03,adult,176.0,5.808,-0.75,Centre,0,-0.18785833,left,-0.7591041614481975
EX03,adult,177.0,5.841,-0.727272727,Centre,0,-0.18785752,left,-0.7591009099404613
EX03,adult,178.0,5.874,-0.704545455,Centre,0,-0.18658215,left,-0.7539473303917223
EX03,adult,179.0,5.907,-0.681818182,Centre,0,-0.18367477,left,-0.7421990910229485
EX03,adult,180.0,5.94,-0.659090909,Blink,0,-0.18350033,left,-0.741494236401472
EX03,adult,181.0,5.973,-0.636363636,Blink,0,-0.15163001,left,-0.6127115888552765
EX03,adult,182.0,6.006,-0.613636364,Blink,0,-0.15262844,left,-0.6167460476117074
EX03,adult,183.0,6.039,-0.590909091,Blink,0,-0.15584579,left,-0.6297468400161853
EX03,adult,184.0,6.072,-0.568181818,Blink,0,-0.14961426,left,-0.6045662609106148
EX03,adult,185.0,6.105,-0.545454545,Blink,0,-0.15089338,left,-0.6097349539490163
EX03,adult,186.0,6.138,-0.522727273,Blink,0,-0.0854161,left,-0.3451522127112276
EX03,adult,187.0,6.171,-0.5,Centre,0,-0.08541211,left,-0.34513607559875914
EX03,adult,188.0,6.204,-0.477272727,Centre,0,-0.09767969,left,-0.39470732817588006
EX03,adult,189.0,6.237,-0.454545455,Centre,0,-0.09674173,left,-0.3909171840979595
EX03,adult,190.0,6.27,-0.431818182,Centre,0,-0.098127365,left,-0.3965163105262144
EX03,adult,191.0,6.303,-0.409090909,Centre,0,-0.09522479,left,-0.38478748988419814
EX03,adult,192.0,6.336,-0.386363636,Centre,0,-0.09522479,left,-0.38478748988419814
EX03,adult,193.0,6.369,-0.363636364,Centre,0,-0.122568265,left,-0.4952779075704734
EX03,adult,194.0,6.402,-0.340909091,Centre,0,-0.12200154,left,-0.49298788271450317
EX03,adult,195.0,6.435,-0.318181818,Centre,0,-0.087231845,left,-0.35248933023757684
EX03,adult,196.0,6.468,-0.295454545,Centre,0,-0.083695434,left,-0.33819928490915047
EX03,adult,197.0,6.501,-0.272727273,Centre,0,-0.070243806,left,-0.283843498911347
EX03,adult,198.0,6.534,-0.25,Centre,0,-0.08153535,left,-0.329470732817588
EX03,adult,199.0,6.567,-0.227272727,Centre,0,-0.08194973,left,-0.33114519908861445
EX03,adult,200.0,6.6,-0.204545455,Centre,0,-0.06983661,left,-0.28219808546407443
EX03,adult,201.0,6.633,-0.181818182,Centre,0,-0.069934085,left,-0.2825919694984489
EX03,adult,202.0,6.666,-0.159090909,Centre,0,-0.065555304,left,-0.2648980471685389
EX03,adult,203.0,6.699,-0.136363636,Centre,0,-0.081061564,left,-0.3275562571051465
EX03,adult,204.0,6.732,-0.113636364,Centre,0,-0.071640365,left,-0.28948676154646524
EX03,adult,205.0,6.765,-0.090909091,Centre,0,-0.04846687,left,-0.19584653003911442
EX03,adult,206.0,6.798,-0.068181818,Centre,0,-0.04772092,left,-0.1928322769947398
EX03,adult,207.0,6.831,-0.045454545,Centre,0,-0.050151322,left,-0.2026531249397869
EX03,adult,208.0,6.864,-0.022727273,Centre,0,-0.03762674,left,-0.15204337691959383
EX03,adult,209.0,6.897,-0.022727273,Centre,0,-0.033513486,left,-0.1354224069827935
EX03,adult,210.0,6.93,-0.022727273,Centre,0,-0.0034093792,left,-0.013776732361172663
EX03,adult,211.0,6.963,-0.022727273,Centre,0,0.0007158577,right,0.00188960705221542
EX03,adult,212.0,6.996,-0.022727273,Centre,0,0.008347679,right,0.0220348716143805
EX03,adult,213.0,7.029,-0.022727273,Centre,0,-0.010372747,left,-0.04191453893620301
EX03,adult,214.0,7.062,-0.022727273,Centre,0,-0.010317619,left,-0.041691776786402436
EX03,adult,215.0,7.095,-0.022727273,Centre,0,0.0006013418,right,0.0015873261157517895
EX03,adult,216.0,7.128,-0.022727273,Centre,0,0.0006269081,right,0.00165481200507869
EX03,adult,217.0,7.161,-0.022727273,Centre,0,0.011852932,right,0.031287480107960015
EX03,adult,218.0,7.194,-0.022727273,Centre,0,0.033246636,right,0.08775916882523506
EX03,adult,219.0,7.227,0.0,Centre,0,0.033213615,right,0.08767200532609887
EX03,adult,220.0,7.26,0.0,Centre,0,0.048567805,right,0.12820154757691374
EX03,adult,221.0,7.293,0.0,Centre,0,0.050732423,right,0.13391535881428693
EX03,adult,222.0,7.326,0.0,Centre,0,0.050577693,right,0.13350692741349476
EX03,adult,223.0,7.359,0.0,Centre,0,0.050577693,right,0.13350692741349476
EX03,adult,224.0,7.392,0.0,Centre,0,0.059524313,right,0.1571227879607069
EX03,adult,225.0,7.425,0.0,Centre,0,0.059524313,right,0.1571227879607069
EX03,adult,226.0,7.458,0.0,Centre,0,0.059097413,right,0.15599592636509407
EX03,adult,227.0,7.491,0.0,Centre,0,0.036980655,right,0.09761563579439893
EX03,adult,228.0,7.524,0.0,Centre,0,0.02649286,right,0.0699316273936627
EX03,adult,229.0,7.557,0.0,Centre,0,0.03295289,right,0.08698378341978752
EX03,adult,230.0,7.59,0.0,Centre,0,0.026201777,right,0.06916327288869827
EX03,adult,231.0,7.623,0.0,Centre,0,0.02500229,right,0.06599705681589063
EX03,adult,232.0,7.656,0.0,Centre,0,0.025223332,right,0.06658052813843074
EX03,adult,233.0,7.689,0.0,Centre,0,0.025462218,right,0.06721110157749413
EX03,adult,234.0,7.722,0.0,Centre,0,0.03550793,right,0.09372816733315015
EX03,adult,235.0,7.755,0.0,Centre,0,0.041297108,right,0.10900951978025358
EX03,adult,236.0,7.788,0.0,Centre,0,0.039123435,right,0.10327180348123778
EX03,adult,237.0,7.821,0.0,Centre,0,0.037683997,right,0.09947220652588713
EX03,adult,238.0,7.854,0.0,Centre,0,0.02515409,right,0.06639775422615136
EX03,adult,239.0,7.887,0.0,Centre,0,0.017603762,right,0.04646760479660421
EX03,adult,240.0,7.92,0.0,Centre,0,0.017653564,right,0.046599062968784064
EX03,adult,241.0,7.953,0.0,Centre,0,0.0090851085,right,0.02398142066355495
EX03,adult,242.0,7.986,0.0,Centre,0,0.009478724,right,0.025020423045053697
EX03,adult,243.0,8.019,0.0,Centre,0,0.020773988,right,0.05483586121903188
EX03,adult,244.0,8.052,0.0,Centre,0,0.021036843,right,0.05552970292901611
EX03,adult,245.0,8.085,0.0,Centre,0,0.02459589,right,0.06492430857042972
EX03,adult,246.0,8.118,0.0,Centre,0,0.025850773,right,0.06823674770643176
EX03,adult,247.0,8.151,0.0,Centre,0,0.036689304,right,0.09684657328267257
EX03,adult,248.0,8.184,0.0,Centre,0,0.02514184,right,0.06636542191735625
EX03,adult,249.0,8.217,0.022727273,Centre,0,0.02556182,right,0.06747401792185383
EX03,adult,250.0,8.25,0.045454545,Centre,0,0.025820412,right,0.06815660527435144
EX03,adult,251.0,8.283,0.068181818,Centre,0,0.031815454,right,0.08398136274466846
EX03,adult,252.0,8.316,0.090909091,Centre,0,0.031807996,right,0.08396167622331571
EX03,adult,253.0,8.349,0.090909091,Centre,0,0.062371504,right,0.16463834857265444
EX03,adult,254.0,8.382,0.113636364,Right,1,0.060650032,right,0.16009428250712746
EX03,adult,255.0,8.415,0.136363636,Right,1,0.15676965,right,0.4138155168807299
EX03,adult,256.0,8.448,0.159090909,Right,1,0.13814297,right,0.36464779062949904
EX03,adult,257.0,8.481,0.181818182,Right,1,0.13957362,right,0.36842418069654176
EX03,adult,258.0,8.514,0.204545455,Right,1,0.25271323,right,0.6670720923165296
EX03,adult,259.0,8.547,0.227272727,Right,1,0.25271323,right,0.6670720923165296
EX03,adult,260.0,8.58,0.25,Right,1,0.27001578,right,0.7127445858526246
EX03,adult,261.0,8.613,0.272727273,Right,1,0.2700339,right,0.7127924156427643
EX03,adult,262.0,8.646,0.295454545,Right,1,0.25247645,right,0.6664470796805757
EX03,adult,263.0,8.679,0.318181818,Right,1,0.27554718,right,0.7273454946343707
EX03,adult,264.0,8.712,0.340909091,Right,1,0.27514502,right,0.7262839564959739
EX03,adult,265.0,8.745,0.363636364,Right,1,0.17426342,right,0.4599927799043766
EX03,adult,266.0,8.778,0.386363636,Right,1,0.15831988,right,0.41790755996246937
EX03,adult,267.0,8.811,0.409090909,Right,1,0.15855981,right,0.4185409113447306
EX03,adult,268.0,8.844,0.431818182,Right,1,0.15357971,right,0.40539523179472714
EX03,adult,269.0,8.877,0.454545455,Right,1,0.15338956,right,0.4048932943342231
EX03,adult,270.0,8.91,0.477272727,Right,1,0.16493995,right,0.43538218952349805
EX03,adult,271.0,8.943,0.5,Right,1,0.16496925,right,0.43545951959538515
EX03,adult,272.0,8.976,0.5,Right,1,0.18692781,right,0.4934222238445192
EX03,adult,273.0,9.009,0.522727273,Right,1,0.18701518,right,0.49365283738036553
EX03,adult,274.0,9.042,0.545454545,Right,1,0.18921761,right,0.4994664775711718
EX03,adult,275.0,9.075,0.568181818,Right,1,0.18739387,right,0.494652464260802
EX03,adult,276.0,9.108,0.590909091,Right,1,0.20304528,right,0.5359665468378333
EX03,adult,277.0,9.141,0.613636364,Right,1,0.19826488,right,0.5233480176558006
EX03,adult,278.0,9.174,0.636363636,Right,1,0.19783825,right,0.5222218542335225
EX03,adult,279.0,9.207,0.659090909,Right,1,0.21108907,right,0.5571992762912215
EX03,adult,280.0,9.24,0.681818182,Right,1,0.20996258,right,0.5542257265585058
EX03,adult,281.0,9.273,0.704545455,Right,1,0.21499062,right,0.5674979426503509
EX03,adult,282.0,9.306,0.727272727,Right,1,0.2132127,right,0.5628048804951453
EX03,adult,283.0,9.339,0.75,Right,1,0.24135217,right,0.6370829712337639
EX03,adult,284.0,9.372,0.772727273,Right,1,0.24132182,right,0.637002848468538
EX03,adult,285.0,9.405,0.795454545,Right,1,0.25776657,right,0.6804110970462508
EX03,adult,286.0,9.438,0.818181818,Right,1,0.25012356,right,0.660236287030032
EX03,adult,287.0,9.471,0.840909091,Right,1,0.24967057,right,0.6590405422765391
EX03,adult,288.0,9.504,0.863636364,Right,1,0.33573967,right,0.8862320454401886
EX03,adult,289.0,9.537,0.886363636,Right,1,0.31304422,right,0.8263242106137608
EX03,adult,290.0,9.57,0.886363636,Right,1,0.3130357,right,0.8263017117322149
EX03,adult,291.0,9.603,0.909090909,Right,1,0.33232737,right,0.8772247834148315
EX03,adult,292.0,9.636,0.931818182,Right,1,0.35060623,right,0.9254744215643755
EX03,adult,293.0,9.669,0.954545455,Right,1,0.35060623,right,0.9254744215643755
EX03,adult,294.0,9.702,0.977272727,Right,1,0.31850874,right,0.8407485897095308
EX03,adult,295.0,9.735,1.0,Right,1,0.33972457,right,0.8967507445674444
EX03,adult,296.0,9.768,1.0,Right,1,0.3307273,right,0.8730012084102078
EX03,adult,297.0,9.801,1.0,Right,1,0.33256784,right,0.8778595508106166
EX03,adult,298.0,9.834,1.0,Right,1,0.30611068,right,0.8080221571502822
EX03,adult,299.0,9.867,1.0,Right,1,0.3239597,right,0.8551371751301139
EX03,adult,300.0,9.9,1.0,Right,1,0.32389632,right,0.8549698495320429
EX03,adult,301.0,9.933,1.0,Right,1,0.37883946,right,1.0
EX03,adult,302.0,9.966,1.0,Right,1,0.37883946,right,1.0
EX03,adult,303.0,9.999,1.0,Right,1,0.3765489,right,0.9939537009204796
EX03,adult,304.0,10.032,1.0,Right,1,0.30885267,right,0.8152600316101419
EX03,adult,305.0,10.065,1.0,Right,1,0.3087773,right,0.8150610817100378
EX03,adult,306.0,10.098,1.0,Right,1,0.311274,right,0.8216514446523974
EX03,adult,307.0,10.131,1.0,Right,1,0.31125537,right,0.8216022775161518
EX03,adult,308.0,10.164,1.0,Right,1,0.30667606,right,0.8095145567370265
EX03,adult,309.0,10.197,1.0,Right,1,0.30697834,right,0.8103124803577291
EX03,adult,310.0,10.23,1.0,Right,1,0.3098431,right,0.8178743859123018
EX03,adult,311.0,10.263,1.0,Right,1,0.3395384,right,0.8962593092072425
EX03,adult,312.0,10.296,1.0,Right,1,0.3395384,right,0.8962593092072425
EX03,adult,313.0,10.329,1.0,Right,1,0.30336416,right,0.8007723252428877
EX03,adult,314.0,10.362,1.0,Right,1,0.30393887,right,0.8022893477314638
EX03,adult,315.0,10.395,1.0,Right,1,0.36173055,right,0.9548386086786053
EX03,adult,316.0,10.428,1.0,Right,1,0.3749374,right,0.9896999176273467
EX03,adult,317.0,10.461,1.0,Right,1,0.37452167,right,0.9886025858137629
EX03,adult,318.0,10.494,1.0,Right,1,0.32729504,right,0.8639412392147954
EX03,adult,319.0,10.527,1.0,Right,1,0.32729504,right,0.8639412392147954
EX03,adult,320.0,10.56,1.0,Right,1,0.33678257,right,0.888984933065434
EX03,adult,321.0,10.593,1.0,Right,1,0.33893147,right,0.894657247239816
EX03,adult,322.0,10.626,1.0,Right,1,0.3459718,right,0.9132411660619634
EX03,adult,323.0,10.659,1.0,Right,1,0.29506922,right,0.7788766654580729
EX03,adult,324.0,10.692,1.0,Right,1,0.31280375,right,0.8256894432179757
EX03,adult,325.0,10.725,1.0,Right,1,0.31280375,right,0.8256894432179757
EX03,adult,326.0,10.758,1.0,Right,1,0.33304214,right,0.8791115427679744
EX03,adult,327.0,10.791,1.0,Right,1,0.33304214,right,0.8791115427679744
EX03,adult,328.0,10.824,1.0,Right,1,0.33846995,right,0.8934390036047771
EX03,adult,329.0,10.857,1.0,Right,1,0.33846995,right,0.8934390036047771
EX03,adult,330.0,10.89,1.0,Right,1,0.32096127,right,0.847222367538425
EX03,adult,331.0,10.923,1.0,Right,1,0.32096127,right,0.847222367538425
EX03,adult,332.0,10.956,1.0,Right,1,0.35427713,right,0.9351642807756576
EX03,adult,333.0,10.989,1.0,Right,1,0.3542356,right,0.9350546183949754
EX03,adult,334.0,11.022,0.977272727,Right,1,0.36035526,right,0.9512083433404844
EX03,adult,335.0,11.055,0.954545455,Right,1,0.2953648,right,0.7796568889097271
EX03,adult,336.0,11.088,0.954545455,Right,1,0.27468485,right,0.7250692528947447
EX03,adult,337.0,11.121,0.931818182,Right,1,0.2894723,right,0.7641028456915783
EX03,adult,338.0,11.154,0.909090909,Right,1,0.22979565,right,0.6065779098900914
EX03,adult,339.0,11.187,0.886363636,Right,1,0.2560379,right,0.6758479934655696
EX03,adult,340.0,11.22,0.863636364,Right,1,0.23300317,right,0.6150446087527099
EX03,adult,341.0,11.253,0.840909091,Right,1,0.23292221,right,0.6148309087117322
EX03,adult,342.0,11.286,0.818181818,Right,1,0.24088533,right,0.6358506854646133
EX03,adult,343.0,11.319,0.795454545,Centre,0,0.24102247,right,0.6362126735885079
EX03,adult,344.0,11.352,0.772727273,Centre,0,0.22911869,right,0.6047909794903814
EX03,adult,345.0,11.385,0.75,Centre,0,0.2279272,right,0.6016458561190232
EX03,adult,346.0,11.418,0.727272727,Centre,0,0.22189832,right,0.5857317914624297
EX03,adult,347.0,11.451,0.704545455,Centre,0,0.19354844,right,0.5108983087527807
EX03,adult,348.0,11.484,0.681818182,Centre,0,0.19330768,right,0.5102627940165247
EX03,adult,349.0,11.517,0.659090909,Centre,0,0.047777377,right,0.12611510081662286
EX03,adult,350.0,11.55,0.636363636,Centre,0,0.04777498,right,0.12610877792290168
EX03,adult,351.0,11.583,0.613636364,Centre,0,0.051900484,right,0.13699862009482097
EX03,adult,352.0,11.616,0.590909091,Centre,0,0.05332341,right,0.14075463530060353
EX03,adult,353.0,11.649,0.568181818,Centre,0,0.053485867,right,0.1411834612295104
EX03,adult,354.0,11.682,0.568181818,Centre,0,0.04057992,right,0.10711639819968041
EX03,adult,355.0,11.715,0.545454545,Centre,0,0.04057992,right,0.10711639819968041
EX03,adult,356.0,11.748,0.522727273,Centre,0,0.04017565,right,0.106049274674606
EX03,adult,357.0,11.781,0.5,Centre,0,0.040398024,right,0.10663626144738766
EX03,adult,358.0,11.814,0.477272727,Centre,0,0.040398024,right,0.10663626144738766
EX03,adult,359.0,11.847,0.454545455,Centre,0,0.062146463,right,0.1640443210659624
EX03,adult,360.0,11.88,0.431818182,Centre,0,0.062146463,right,0.1640443210659624
EX03,adult,361.0,11.913,0.409090909,Centre,0,0.1274083,right,0.3363121013381092
EX03,adult,362.0,11.946,0.386363636,Centre,0,0.12792735,right,0.3376822124235834
EX03,adult,363.0,11.979,0.363636364,Centre,0,0.13308989,right,0.3513094545728308
EX03,adult,364.0,12.012,0.340909091,Centre,0,0.10021849,right,0.26454078720754504
EX03,adult,365.0,12.045,0.318181818,Centre,0,0.10012634,right,0.2642975475511108
EX03,adult,366.0,12.078,0.295454545,Centre,0,0.08218302,right,0.21693362586074938
EX03,adult,367.0,12.111,0.272727273,Centre,0,0.0825532,right,0.21791077352649435
EX03,adult,368.0,12.144,0.25,Centre,0,0.123806104,right,0.3268036098590099
EX03,adult,369.0,12.177,0.227272727,Centre,0,0.123806104,right,0.3268036098590099
EX03,adult,370.0,12.21,0.204545455,Centre,0,0.12900087,right,0.3405159308208166
EX03,adult,371.0,12.243,0.181818182,Centre,0,0.11274227,right,0.2975990586027424
EX03,adult,372.0,12.276,0.159090909,Centre,0,0.11274227,right,0.2975990586027424
EX03,adult,373.0,12.309,0.159090909,Centre,0,0.100629136,right,0.26562474556006993
EX03,adult,374.0,12.342,0.136363636,Centre,0,0.10059159,right,0.2655256442802533
EX03,adult,375.0,12.375,0.113636364,Centre,0,0.09892632,right,0.26112992529820656
EX03,adult,376.0,12.408,0.090909091,Centre,0,0.112873286,right,0.29794490023909387
EX03,adult,377.0,12.441,0.068181818,Centre,0,0.102013454,right,0.2692788471258426
EX03,adult,378.0,12.474,0.045454545,Centre,0,0.12299863,right,0.32467217516905433
EX03,adult,379.0,12.507,0.0,Centre,0,0.12267506,right,0.3238180633450503
EX03,adult,380.0,12.54,0.0,Centre,0,0.10433174,right,0.27539828723724197
EX03,adult,381.0,12.573,0.0,Centre,0,0.1033714,right,0.27286332802669155
EX03,adult,382.0,12.606,0.0,Centre,0,0.09484209,right,0.25034902766678024
EX03,adult,383.0,12.639,0.0,Centre,0,0.07950974,right,0.20987713879992698
EX03,adult,384.0,12.672,0.0,Blink,0,0.022147115,right,0.058460423169348213
EX03,adult,385.0,12.705,0.0,Blink,0,-0.24747372,left,-1.0
EX03,adult,386.0,12.738,0.0,Blink,0,-0.2312114,left,-0.9342866673731671
EX03,adult,387.0,12.771,0.0,Blink,0,-0.1577606,left,-0.6374842843792752
EX03,adult,388.0,12.804,0.0,Blink,0,-0.04569292,left,-0.18463746893003719
EX03,adult,389.0,12.837,0.0,Blink,0,-0.06188947,left,-0.2500850209059905
EX03,adult,390.0,12.87,0.0,Blink,0,0.0638642,right,0.16857853403738574
EX03,adult,391.0,12.903,0.0,Centre,0,0.0651617,right,0.17200345774769046
EX03,adult,392.0,12.936,0.0,Centre,0,0.06907121,right,0.18232316764113307
EX03,adult,393.0,12.969,0.0,Centre,0,0.07527212,right,0.19869133996809094
EX03,adult,394.0,13.002,0.0,Centre,0,0.060802635,right,0.16049709902096038
EX03,adult,395.0,13.035,0.0,Centre,0,0.05791364,right,0.15287118768842323
EX03,adult,396.0,13.068,0.0,Centre,0,0.0537639,right,0.14191736923882114
EX03,adult,397.0,13.101,0.0,Centre,0,0.076799974,right,0.20272432348577218
EX03,adult,398.0,13.134,0.0,Centre,0,0.0693828,right,0.1831456551631039
EX03,adult,399.0,13.167,0.0,Centre,0,0.06637876,right,0.1752160580968322
EX03,adult,400.0,13.2,0.0,Centre,0,0.067432575,right,0.17799775766391754
EX03,adult,401.0,13.233,0.0,Centre,0,0.06768211,right,0.17865643995477254
EX03,adult,402.0,13.266,0.0,Centre,0,0.072129324,right,0.19039548707049853
EX03,adult,403.0,13.299,0.0,Centre,0,0.071928784,right,0.18986613401482394
EX03,adult,404.0,13.332,0.0,Centre,0,0.08276626,right,0.21847316689772597
EX03,adult,405.0,13.365,0.0,Centre,0,0.08341447,right,0.22018422257278172
EX03,adult,406.0,13.398,0.0,Centre,0,0.07953158,right,0.2099347823504613
EX03,adult,407.0,13.431,0.0,Centre,0,0.07726523,right,0.20395243988176917
EX03,adult,408.0,13.464,0.0,Centre,0,0.07698293,right,0.20320726276483092
EX03,adult,409.0,13.497,0.0,Centre,0,0.087517865,right,0.2310157033539775
EX03,adult,410.0,13.53,0.0,Centre,0,0.08678603,right,0.22908392657088802
EX03,adult,411.0,13.563,0.0,Centre,0,0.086948484,right,0.22951274266636762
EX03,adult,412.0,13.596,0.0,Centre,0,0.053858705,right,0.14216762012888398
EX03,adult,413.0,13.629,0.0,Centre,0,0.054013968,right,0.14257745770977276
EX03,adult,414.0,13.662,0.0,Centre,0,0.0082131885,right,0.0216798652238328
EX03,adult,415.0,13.695,0.0,Centre,0,0.008307465,right,0.02192872222558307
EX03,adult,416.0,13.728,0.0,Centre,0,0.055718124,right,0.14707581800544584
EX03,adult,417.0,13.761,0.0,Centre,0,-0.0047319047,left,-0.01912083746796663
EX03,adult,418.0,13.794,0.0,Centre,0,0.05996214,right,0.15827849099844135
EX03,adult,419.0,13.827,0.0,Centre,0,0.06631164,right,0.17503889907151207
EX03,adult,420.0,13.86,0.0,Centre,0,0.08953867,right,0.2363499049658257
EX03,adult,421.0,13.893,0.0,Centre,0,0.05818954,right,0.15359947097734747
EX03,adult,422.0,13.926,0.0,Centre,0,0.057634804,right,0.1521351654922539
EX03,adult,423.0,13.959,0.0,Centre,0,0.06629514,right,0.17499533698879846
EX03,adult,424.0,13.992,0.0,Centre,0,0.038602524,right,0.10189678551556619
EX03,adult,425.0,14.025,0.0,Centre,0,0.037860565,right,0.09993828147721363
EX03,adult,426.0,14.058,0.0,Centre,0,0.03829253,right,0.10107851653388525
EX03,adult,427.0,14.091,0.0,Centre,0,0.039625973,right,0.10459832298371671
EX03,adult,428.0,14.124,0.0,Centre,0,0.012338692,right,0.03256971231246573
EX03,adult,429.0,14.157,0.0,Centre,0,0.012338692,right,0.03256971231246573
EX03,adult,430.0,14.19,0.0,Centre,0,0.012924854,right,0.03411696767311926
EX03,adult,431.0,14.223,0.0,Centre,0,0.043648414,right,0.11521612339078913
EX03,adult,432.0,14.256,0.0,,0,0.0439094,right,0.11590503363700792
EX02,adult,0.0,0.0,0.0,Centre,0,-0.02781086,left,-0.14634297282835748
EX02,adult,0.997690531,0.032923788,0.0,Centre,0,-0.0287917,left,-0.15150422682889192
EX02,adult,1.995381062,0.065847575,0.0,Centre,0,-0.026696593,left,-0.1404796062131703
EX02,adult,2.993071594,0.098771363,0.0,Centre,0,-0.025059814,left,-0.1318667444870722
EX02,adult,3.990762125,0.13169515,0.0,Centre,0,-0.018362762,left,-0.09662632506922132
EX02,adult,4.988452656,0.164618938,0.0,Centre,0,-0.029666815,left,-0.1561091540571159
EX02,adult,5.986143187,0.197542725,0.0,Centre,0,-0.0011728562,left,-0.006171663143002405
EX02,adult,6.983833718,0.230466513,0.0,Centre,0,-0.001743039,left,-0.0091720106855122
EX02,adult,7.981524249,0.2633903,0.0,Centre,0,-0.0059170113,left,-0.03113578687815291
EX02,adult,8.979214781,0.296314088,0.0,Centre,0,-0.009295764,left,-0.048915055958867415
EX02,adult,9.976905312,0.329237875,0.0,Centre,0,-0.0074422043,left,-0.0391614744141436
EX02,adult,10.97459584,0.362161663,0.0,Centre,0,-0.009547433,left,-0.05023935577124533
EX02,adult,11.97228637,0.39508545,0.0,Centre,0,-0.0037542582,left,-0.019755206810851092
EX02,adult,12.96997691,0.428009238,0.0,Centre,0,-0.00578918,left,-0.030463127433880622
EX02,adult,13.96766744,0.460933025,0.0,Centre,0,-0.017383518,left,-0.09147346105665548
EX02,adult,14.96535797,0.493856813,0.0,Centre,0,-0.008469385,left,-0.04456658204279113
EX02,adult,15.9630485,0.5267806,0.0,Centre,0,-0.0026921895,left,-0.014166516738104408
EX02,adult,16.96073903,0.559704388,0.0,Centre,0,-0.0033180327,left,-0.01745975363937291
EX02,adult,17.95842956,0.592628176,0.0,Centre,0,-0.0042517367,left,-0.022372978620585612
EX02,adult,18.95612009,0.625551963,0.0,Centre,0,-0.0221338,left,-0.11646982278149899
EX02,adult,19.95381062,0.658475751,0.0,Centre,0,-0.007590542,left,-0.039942039787204814
EX02,adult,20.95150115,0.691399538,0.0,Centre,0,-0.008676846,left,-0.04565825571679666
EX02,adult,21.94919169,0.724323326,0.0,Centre,0,-0.014264157,left,-0.07505913569323569
EX02,adult,22.94688222,0.757247113,0.0,Centre,0,-0.0020295952,left,-0.010679892329402533
EX02,adult,23.94457275,0.790170901,0.0,Centre,0,-0.011627361,left,-0.06118410487767241
EX02,adult,24.94226328,0.823094688,0.0,Blink,0,-0.015180818,left,-0.07988267797595226
EX02,adult,25.93995381,0.856018476,0.0,Blink,0,-0.09899716,left,-0.5209309812929928
EX02,adult,26.93764434,0.888942263,0.0,Blink,0,0.15195678,right,0.8327734225836894
EX02,adult,27.93533487,0.921866051,0.0,Centre,0,-0.030087331,left,-0.15832194477411957
EX02,adult,28.9330254,0.954789838,0.0,Centre,0,-0.0043950146,left,-0.02312691852365067
EX02,adult,29.93071594,0.987713626,0.0,Centre,0,-0.012891032,left,-0.06783364080940331
EX02,adult,30.92840647,1.020637413,0.0,Centre,0,-0.00310711,left,-0.01634986163576851
EX02,adult,31.926097,1.053561201,0.0,Centre,0,-0.0038735678,left,-0.020383023680701835
EX02,adult,32.92378753,1.086484988,0.0,Centre,0,-0.0067415265,left,-0.03547445205537455
EX02,adult,33.92147806,1.119408776,0.0,Centre,0,-0.011842279,left,-0.062315018407790426
EX02,adult,34.91916859,1.152332564,0.0,Centre,0,-0.0009805759,left,-0.005159868941919015
EX02,adult,35.91685912,1.185256351,0.0,Centre,0,-0.0025630263,left,-0.013486849301545263
EX02,adult,36.91454965,1.218180139,0.0,Centre,0,-0.006448845,left,-0.03393433793507184
EX02,adult,37.91224018,1.251103926,0.0,Centre,0,-0.002923352,left,-0.015382911846866881
EX02,adult,38.90993072,1.284027714,0.0,Centre,0,0.005310077,right,0.029100979436856474
EX02,adult,39.90762125,1.316951501,0.0,Centre,0,-0.00086606,left,-0.004557277168780525
EX02,adult,40.90531178,1.349875289,0.0,Centre,0,0.0068872008,right,0.03774413802517255
EX02,adult,41.90300231,1.382799076,0.0,Centre,0,-0.0045540053,left,-0.02396354048396587
EX02,adult,42.90069284,1.415722864,0.0,Centre,0,-0.008254201,left,-0.043434266914215744
EX02,adult,43.89838337,1.448646651,0.0,Centre,0,-0.0044506746,left,-0.023419806044649164
EX02,adult,44.8960739,1.481570439,0.0,Centre,0,0.003946805,right,0.021629796268869527
EX02,adult,45.89376443,1.514494226,0.0,Centre,0,0.0019473034,right,0.010671866792839175
EX02,adult,46.89145497,1.547418014,0.0,Centre,0,0.003486078,right,0.019104860433759474
EX02,adult,47.8891455,1.580341801,0.0,Centre,0,0.006043778,right,0.033121901286392835
EX02,adult,48.88683603,1.613265589,0.0,Centre,0,0.009285644,right,0.05088839861877975
EX02,adult,49.88452656,1.646189376,0.0,Centre,0,-0.0006301039,left,-0.0033156572695991686
EX02,adult,50.88221709,1.679113164,0.0,Centre,0,0.010057428,right,0.055118031426321254
EX02,adult,51.87990762,1.712036952,0.0,Centre,0,-0.0062176823,left,-0.03271794160113589
EX02,adult,52.87759815,1.744960739,0.0,Centre,0,-0.012451877,left,-0.065522772505241
EX02,adult,53.87528868,1.777884527,0.0,Centre,0,0.0018668759,right,0.010231097469303585
EX02,adult,54.87297921,1.810808314,0.0,Centre,0,-0.006840596,left,-0.03599576336972027
EX02,adult,55.87066975,1.843732102,0.0,Centre,0,-0.020139357,left,-0.1059749083687856
EX02,adult,56.86836028,1.876655889,0.0,Centre,0,-0.010496849,left,-0.05523526035936122
EX02,adult,57.86605081,1.909579677,0.0,Centre,0,-0.020916468,left,-0.11006412577579945
EX02,adult,58.86374134,1.942503464,0.0,Centre,0,-0.0097026955,left,-0.05105636025385124
EX02,adult,59.86143187,1.975427252,0.0,Centre,0,0.017361414,right,0.09514628917102286
EX02,adult,60.8591224,2.008351039,0.0,Centre,0,0.018705778,right,0.10251384927765551
EX02,adult,61.85681293,2.041274827,0.0,Centre,0,-0.0009906959,left,-0.005213121107084788
EX02,adult,62.85450346,2.074198614,0.0,Centre,0,-0.008725848,left,-0.04591611062740173
EX02,adult,63.852194,2.107122402,0.0,Centre,0,0.008579906,right,0.04702072304025249
EX02,adult,64.84988453,2.140046189,0.0,Centre,0,-0.0020647487,left,-0.01086487269643863
EX02,adult,65.84757506,2.172969977,0.0,Centre,0,-0.0020807278,left,-0.010948956352146143
EX02,adult,66.84526559,2.205893764,0.0,Centre,0,0.0047574714,right,0.02607251667646082
EX02,adult,67.84295612,2.238817552,0.0,Centre,0,0.00057444384,right,0.00314814222850467
EX02,adult,68.84064665,2.271741339,0.0,Centre,0,-0.0066451197,left,-0.034967151824908636
EX02,adult,69.83833718,2.304665127,0.0,Centre,0,0.0037726343,right,0.020675283814645888
EX02,adult,70.83602771,2.337588915,0.0,Centre,0,0.0022330608,right,0.012237911617697547
EX02,adult,71.83371824,2.370512702,0.0,Centre,0,-0.00280058,left,-0.014736876647417263
EX02,adult,72.83140878,2.40343649,0.0,Centre,0,0.009158079,right,0.05018929959354546
EX02,adult,73.82909931,2.436360277,0.0,Centre,0,0.0023465115,right,0.012859658917745792
EX02,adult,74.82678984,2.469284065,0.0,Centre,0,-0.0023161513,left,-0.012187773360706127
EX02,adult,75.82448037,2.502207852,0.0,Centre,0,0.0019353193,right,0.01060618972840749
EX02,adult,76.8221709,2.53513164,0.0,Centre,0,0.00020266658,right,0.001110679862649897
EX02,adult,77.81986143,2.568055427,0.0,Centre,0,-0.004667989,left,-0.02456333151053657
EX02,adult,78.81755196,2.600979215,0.0,Centre,0,-0.00015552861,left,-0.0008184040135830377
EX02,adult,79.81524249,2.633903002,0.0,Centre,0,-0.0007134609,left,-0.003754288364454961
EX02,adult,80.81293303,2.66682679,0.0,Centre,0,-0.006420882,left,-0.033787194600517385
EX02,adult,81.81062356,2.699750577,0.0,Centre,0,0.013853764,right,0.07592320963848967
EX02,adult,82.80831409,2.732674365,0.0,Centre,0,-0.0016461,left,-0.008661909708478499
EX02,adult,83.80600462,2.765598152,0.0,Centre,0,0.0046754456,right,0.025622988326885743
EX02,adult,84.80369515,2.79852194,0.0,Centre,0,-0.0016871126,left,-0.008877721566056335
EX02,adult,85.80138568,2.831445727,0.0,Centre,0,0.0010852382,right,0.005947464172068149
EX02,adult,86.79907621,2.864369515,0.0,Centre,0,-0.006755907,left,-0.03555012366999088
EX02,adult,87.79676674,2.897293303,0.0,Centre,0,-0.0030690269,left,-0.016149464910874805
EX02,adult,88.79445727,2.93021709,0.0,Centre,0,-0.003200587,left,-0.016841744283203338
EX02,adult,89.79214781,2.963140878,0.0,Centre,0,-0.0060035638,left,-0.03159123286638999
EX02,adult,90.78983834,2.996064665,0.0,Centre,0,-0.011965051,left,-0.06296105728276047
EX02,adult,91.78752887,3.028988453,-0.022727273,Centre,0,-0.014586932,left,-0.07675760348540488
EX02,adult,92.7852194,3.06191224,-0.045454545,Centre,0,-0.0145320725,left,-0.07646892811081935
EX02,adult,93.78290993,3.094836028,-0.068181818,Centre,0,-0.021408353,left,-0.11265246646827612
EX02,adult,94.78060046,3.127759815,-0.090909091,Left,-1,-0.011774368,left,-0.061957664708793714
EX02,adult,95.77829099,3.160683603,-0.113636364,Left,-1,-0.046037536,left,-0.2422531987025158
EX02,adult,96.77598152,3.19360739,-0.136363636,Left,-1,-0.04309181,left,-0.22675255871109712
EX02,adult,97.77367206,3.226531178,-0.159090909,Left,-1,-0.0353271,left,-0.18589402300393562
EX02,adult,98.77136259,3.259454965,-0.181818182,Left,-1,-0.055036888,left,-0.28960850591094256
EX02,adult,99.76905312,3.292378753,-0.204545455,Left,-1,-0.046938747,left,-0.24699544337401091
EX02,adult,100.7667436,3.32530254,-0.227272727,Left,-1,-0.05125973,left,-0.2697328008383088
EX02,adult,101.7644342,3.358226328,-0.25,Left,-1,-0.05255802,left,-0.2765645053639467
EX02,adult,102.7621247,3.391150115,-0.272727273,Left,-1,-0.07056631,left,-0.37132557732526555
EX02,adult,103.7598152,3.424073903,-0.295454545,Left,-1,-0.07575362,left,-0.398621619070082
EX02,adult,104.7575058,3.456997691,-0.318181818,Left,-1,-0.07178551,left,-0.37774109532155453
EX02,adult,105.7551963,3.489921478,-0.340909091,Left,-1,-0.089215904,left,-0.4694612279053195
EX02,adult,106.7528868,3.522845266,-0.363636364,Left,-1,-0.09966827,left,-0.5244624213222997
EX02,adult,107.7505774,3.555769053,-0.386363636,Left,-1,-0.0925318,left,-0.4869097369025231
EX02,adult,108.7482679,3.588692841,-0.409090909,Left,-1,-0.09293847,left,-0.48904965430113123
EX02,adult,109.7459584,3.621616628,-0.431818182,Left,-1,-0.096990466,left,-0.5103715933512404
EX02,adult,110.743649,3.654540416,-0.454545455,Left,-1,-0.082015246,left,-0.4315707876614798
EX02,adult,111.7413395,3.687464203,-0.477272727,Left,-1,-0.09002257,left,-0.4737059737341625
EX02,adult,112.73903,3.720387991,-0.5,Left,-1,-0.09508284,left,-0.5003335216245275
EX02,adult,113.7367206,3.753311778,-0.522727273,Left,-1,-0.10522948,left,-0.5537259544513042
EX02,adult,114.7344111,3.786235566,-0.545454545,Left,-1,-0.111075655,left,-0.5844889822991641
EX02,adult,115.7321016,3.819159353,-0.568181818,Left,-1,-0.11618173,left,-0.6113575659186457
EX02,adult,116.7297921,3.852083141,-0.590909091,Left,-1,-0.12114347,left,-0.6374666203936614
EX02,adult,117.7274827,3.885006928,-0.613636364,Left,-1,-0.12797928,left,-0.673437203998088
EX02,adult,118.7251732,3.917930716,-0.636363636,Left,-1,-0.12534514,left,-0.659576159762935
EX02,adult,119.7228637,3.950854503,-0.659090909,Left,-1,-0.14078854,left,-0.7408405638824661
EX02,adult,120.7205543,3.983778291,-0.681818182,Left,-1,-0.1327719,left,-0.6986563316651633
EX02,adult,121.7182448,4.016702079,-0.704545455,Left,-1,-0.13985963,left,-0.73595257257418
EX02,adult,122.7159353,4.049625866,-0.727272727,Left,-1,-0.15408891,left,-0.8108281968833783
EX02,adult,123.7136259,4.082549654,-0.75,Left,-1,-0.14876339,left,-0.7828048529572277
EX02,adult,124.7113164,4.115473441,-0.772727273,Left,-1,-0.15444177,left,-0.8126849717908218
EX02,adult,125.7090069,4.148397229,-0.795454545,Left,-1,-0.16038463,left,-0.8439567308717684
EX02,adult,126.7066975,4.181321016,-0.818181818,Left,-1,-0.16028182,left,-0.8434157726755499
EX02,adult,127.704388,4.214244804,-0.840909091,Left,-1,-0.15591183,left,-0.8204205406978714
EX02,adult,128.7020785,4.247168591,-0.863636364,Left,-1,-0.14658251,left,-0.7713289176382325
EX02,adult,129.6997691,4.280092379,-0.886363636,Left,-1,-0.14992186,left,-0.7889008457107872
EX02,adult,130.6974596,4.313016166,-0.909090909,Left,-1,-0.15755634,left,-0.8290740683820088
EX02,adult,131.6951501,4.345939954,-0.931818182,Left,-1,-0.15823278,left,-0.8326335403804632
EX02,adult,132.6928406,4.378863741,-0.954545455,Left,-1,-0.16989477,left,-0.8939998726603695
EX02,adult,133.6905312,4.411787529,-0.977272727,Left,-1,-0.1631615,left,-0.8585688750578674
EX02,adult,134.6882217,4.444711316,-1.0,Left,-1,-0.17086576,left,-0.8991092969221447
EX02,adult,135.6859122,4.477635104,-1.0,Left,-1,-0.184764,left,-0.9722429401779744
EX02,adult,136.6836028,4.510558891,-1.0,Left,-1,-0.1862812,left,-0.9802266018133665
EX02,adult,137.6812933,4.543482679,-1.0,Left,-1,-0.16959809,left,-0.8924387076093898
EX02,adult,138.6789838,4.576406467,-1.0,Left,-1,-0.17115363,left,-0.9006241210115409
EX02,adult,139.6766744,4.609330254,-1.0,Left,-1,-0.17377873,left,-0.9144375697074701
EX02,adult,140.6743649,4.642254042,-1.0,Left,-1,-0.17842966,left,-0.9389111646118776
EX02,adult,141.6720554,4.675177829,-1.0,Left,-1,-0.17714123,left,-0.9321313486333258
EX02,adult,142.669746,4.708101617,-1.0,Left,-1,-0.19003892,left,-1.0
EX02,adult,143.6674365,4.741025404,-1.0,Left,-1,-0.17518167,left,-0.9218199750088134
EX02,adult,144.665127,4.773949192,-1.0,Left,-1,-0.18576081,left,-0.9774882508803998
EX02,adult,145.6628176,4.806872979,-1.0,Left,-1,-0.17407699,left,-0.9160070463353159
EX02,adult,146.6605081,4.839796767,-1.0,Left,-1,-0.17160292,left,-0.9029882941633285
EX02,adult,147.6581986,4.872720554,-1.0,Left,-1,-0.17055497,left,-0.8974738765570877
EX02,adult,148.6558891,4.905644342,-1.0,Left,-1,-0.17101756,left,-0.899908070823417
EX02,adult,149.6535797,4.938568129,-1.0,Left,-1,-0.18488944,left,-0.9729030048389059
EX02,adult,150.6512702,4.971491917,-1.0,Left,-1,-0.18484282,left,-0.9726577349102538
EX02,adult,151.6489607,5.004415704,-1.0,Left,-1,-0.17603762,left,-0.9263240655592092
EX02,adult,152.6466513,5.037339492,-1.0,Left,-1,-0.17466396,left,-0.9190957380742986
EX02,adult,153.6443418,5.070263279,-1.0,Left,-1,-0.17307511,left,-0.910735075858037
EX02,adult,154.6420323,5.103187067,-1.0,Left,-1,-0.18706283,left,-0.984339577784441
EX02,adult,155.6397229,5.136110855,-1.0,Left,-1,-0.18002702,left,-0.9473165995676726
EX02,adult,156.6374134,5.169034642,-1.0,Left,-1,-0.17584799,left,-0.9253262058686633
EX02,adult,157.6351039,5.20195843,-1.0,Left,-1,-0.1666782,left,-0.8770740520724996
EX02,adult,158.6327945,5.234882217,-1.0,Left,-1,-0.16583452,left,-0.8726344938594698
EX02,adult,159.630485,5.267806005,-1.0,Left,-1,-0.17532282,left,-0.9225626849717908
EX02,adult,160.6281755,5.300729792,-1.0,Left,-1,-0.17736866,left,-0.9333280588798378
EX02,adult,161.6258661,5.33365358,-1.0,Left,-1,-0.17743471,left,-0.9336756552972659
EX02,adult,162.6235566,5.366577367,-1.0,Left,-1,-0.17766987,left,-0.9349130609059807
EX02,adult,163.6212471,5.399501155,-1.0,Left,-1,-0.17641951,left,-0.9283335852943427
EX02,adult,164.6189376,5.432424942,-1.0,Left,-1,-0.17469804,left,-0.9192750642657396
EX02,adult,165.6166282,5.46534873,-0.977272727,Left,-1,-0.16341397,left,-0.8598973943676992
EX02,adult,166.6143187,5.498272517,-0.954545455,Left,-1,-0.1671882,left,-0.879757672055914
EX02,adult,167.6120092,5.531196305,-0.931818182,Left,-1,-0.17799452,left,-0.9366214035963722
EX02,adult,168.6096998,5.564120092,-0.909090909,Left,-1,-0.16519989,left,-0.8692950434146592
EX02,adult,169.6073903,5.59704388,-0.886363636,Left,-1,-0.17299868,left,-0.9103329053132617
EX02,adult,170.6050808,5.629967667,-0.863636364,Left,-1,-0.16505527,left,-0.8685340636647969
EX02,adult,171.6027714,5.662891455,-0.840909091,Left,-1,-0.15001747,left,-0.7894039313444933
EX02,adult,172.6004619,5.695815242,-0.818181818,Left,-1,-0.145105,left,-0.7635541431799278
EX02,adult,173.5981524,5.72873903,-0.795454545,Centre,0,-0.14353453,left,-0.7552901618530613
EX02,adult,174.595843,5.761662818,-0.772727273,Centre,0,-0.1416176,left,-0.7452031223928308
EX02,adult,175.5935335,5.794586605,-0.75,Centre,0,-0.14379232,left,-0.7566466739264893
EX02,adult,176.591224,5.827510393,-0.727272727,Centre,0,-0.1385254,left,-0.7289317208665117
EX02,adult,177.5889145,5.86043418,-0.704545455,Centre,0,-0.13099344,left,-0.6892979665805609
EX02,adult,178.5866051,5.893357968,-0.681818182,Centre,0,-0.12779047,left,-0.6724436569181802
EX02,adult,179.5842956,5.926281755,-0.659090909,Centre,0,-0.12931405,left,-0.6804608785054468
EX02,adult,180.5819861,5.959205543,-0.636363636,Centre,0,-0.12609589,left,-0.6635266679296081
EX02,adult,181.5796767,5.99212933,-0.613636364,Centre,0,-0.11507838,left,-0.6055516550388229
EX02,adult,182.5773672,6.025053118,-0.590909091,Centre,0,-0.11223467,left,-0.590587797852414
EX02,adult,183.5750577,6.057976905,-0.568181818,Centre,0,-0.10155326,left,-0.5343813865842995
EX02,adult,184.5727483,6.090900693,-0.545454545,Centre,0,-0.0944293,left,-0.4968945282850802
EX02,adult,185.5704388,6.12382448,-0.522727273,Centre,0,-0.09177093,left,-0.48290598759724546
EX02,adult,186.5681293,6.156748268,-0.5,Centre,0,-0.07257354,left,-0.3818877880667084
EX02,adult,187.5658199,6.189672055,-0.477272727,Centre,0,-0.08842814,left,-0.46531594656001085
EX02,adult,188.5635104,6.222595843,-0.454545455,Centre,0,-0.08182802,left,-0.43058559136398933
EX02,adult,189.5612009,6.25551963,-0.431818182,Centre,0,-0.076065205,left,-0.400261195223572
EX02,adult,190.5588915,6.288443418,-0.409090909,Centre,0,-0.08545232,left,-0.449656935744297
EX02,adult,191.556582,6.321367206,-0.386363636,Centre,0,-0.088913895,left,-0.46787203088519236
EX02,adult,192.5542725,6.354290993,-0.363636364,Centre,0,-0.08741134,left,-0.4599654473635678
EX02,adult,193.551963,6.387214781,-0.340909091,Centre,0,-0.0776173,left,-0.408428456455492
EX02,adult,194.5496536,6.420138568,-0.318181818,Centre,0,-0.07429714,left,-0.39095748267741925
EX02,adult,195.5473441,6.453062356,-0.295454545,Centre,0,-0.07584923,left,-0.39912470470378797
EX02,adult,196.5450346,6.485986143,-0.272727273,Centre,0,-0.06452812,left,-0.33955214401045813
EX02,adult,197.5427252,6.518909931,-0.25,Centre,0,-0.044960286,left,-0.23658462486873982
EX02,adult,198.5404157,6.551833718,-0.227272727,Centre,0,-0.05150021,left,-0.27099821881339536
EX02,adult,199.5381062,6.584757506,-0.204545455,Centre,0,-0.049029864,left,-0.25799906941703543
EX02,adult,200.5357968,6.617681293,-0.181818182,Centre,0,-0.049834404,left,-0.26223262206099507
EX02,adult,201.5334873,6.650605081,-0.159090909,Centre,0,-0.046934225,left,-0.24697164560439905
EX02,adult,202.5311778,6.683528868,-0.136363636,Centre,0,-0.0400867,left,-0.2109394308733993
EX02,adult,203.5288684,6.716452656,-0.113636364,Centre,0,-0.02445208,left,-0.12866879667812933
EX02,adult,204.5265589,6.749376443,-0.090909091,Centre,0,-0.029771479,left,-0.15665990383976033
EX02,adult,205.5242494,6.782300231,-0.068181818,Centre,0,-0.031720646,left,-0.16691657591888404
EX02,adult,206.52194,6.815224018,-0.045454545,Centre,0,-0.032010663,left,-0.16844267160426607
EX02,adult,207.5196305,6.848147806,-0.022727273,Centre,0,-0.018667428,left,-0.09822949886837097
EX02,adult,208.517321,6.881071594,-0.022727273,Centre,0,-0.015045529,left,-0.07917077867556747
EX02,adult,209.5150115,6.913995381,-0.022727273,Centre,0,-0.011765846,left,-0.06191282335954564
EX02,adult,210.5127021,6.946919169,-0.022727273,Centre,0,-0.011754661,left,-0.06185396602572386
EX02,adult,211.5103926,6.979842956,-0.022727273,Centre,0,-0.014128869,left,-0.07434724129354482
EX02,adult,212.5080831,7.012766744,-0.022727273,Centre,0,0.0045944857,right,0.025179301454651883
EX02,adult,213.5057737,7.045690531,-0.022727273,Centre,0,0.004698615,right,0.02574996453771554
EX02,adult,214.5034642,7.078614319,-0.022727273,Centre,0,0.0036618465,right,0.020068130000039198
EX02,adult,215.5011547,7.111538106,-0.022727273,Centre,0,-0.0063950494,left,-0.03365126160327495
EX02,adult,216.4988453,7.144461894,-0.022727273,Centre,0,-0.00460354,left,-0.02422419614113873
EX02,adult,217.4965358,7.177385681,-0.022727273,Centre,0,0.0077663106,right,0.04256195069186774
EX02,adult,218.4942263,7.210309469,0.0,Centre,0,0.008330368,right,0.045653174243985746
EX02,adult,219.4919169,7.243233256,0.0,Centre,0,0.006550045,right,0.035896414177106775
EX02,adult,220.4896074,7.276157044,0.0,Centre,0,0.0098891165,right,0.0541956292336292
EX02,adult,221.4872979,7.309080831,0.0,Centre,0,0.008358065,right,0.045804960783654015
EX02,adult,222.4849885,7.342004619,0.0,Centre,0,0.007796138,right,0.0427254150822627
EX02,adult,223.482679,7.374928406,0.0,Centre,0,-0.0047324374,left,-0.02490246442958746
EX02,adult,224.4803695,7.407852194,0.0,Centre,0,-0.005025385,left,-0.026443977698000578
EX02,adult,225.47806,7.440775982,0.0,Centre,0,-0.0005422196,left,-0.002853202982781863
EX02,adult,226.4757506,7.473699769,0.0,Centre,0,-0.008738897,left,-0.04598477424973121
EX02,adult,227.4734411,7.506623557,0.0,Centre,0,0.0033819485,right,0.018534196074706886
EX02,adult,228.4711316,7.539547344,0.0,Blink,0,-0.012349345,left,-0.06498324041094945
EX02,adult,229.4688222,7.572471132,0.0,Blink,0,-0.10428114,left,-0.5487357150653447
EX02,adult,230.4665127,7.605394919,0.0,Blink,0,0.044867877,right,0.24589080523598894
EX02,adult,231.4642032,7.638318707,0.0,Blink,0,-0.166328,left,-0.8752312343413028
EX02,adult,232.4618938,7.671242494,0.0,Centre,0,-0.084071204,left,-0.4423894027081313
EX02,adult,233.4595843,7.704166282,0.0,Centre,0,-0.009076852,left,-0.04776312335258274
EX02,adult,234.4572748,7.737090069,0.0,Centre,0,0.0045268415,right,0.024808588389570486
EX02,adult,235.4549654,7.770013857,0.0,Centre,0,-0.0036674393,left,-0.019298359224156642
EX02,adult,236.4526559,7.802937644,0.0,Centre,0,-0.019997943,left,-0.10523077720457519
EX02,adult,237.4503464,7.835861432,0.0,Centre,0,-0.044272125,left,-0.2329634629353855
EX02,adult,238.448037,7.868785219,0.0,Centre,0,-0.032042623,left,-0.168610843816375
EX02,adult,239.4457275,7.901709007,0.0,Centre,0,-0.024584707,left,-0.1293666946960221
EX02,adult,240.443418,7.934632794,0.0,Centre,0,-0.03432362,left,-0.18061364293591242
EX02,adult,241.4411085,7.967556582,0.0,Centre,0,-0.035606198,left,-0.18736266295395324
EX02,adult,242.4387991,8.00048037,0.0,Centre,0,-0.03423174,left,-0.180130160077834
EX02,adult,243.4364896,8.033404157,0.0,Centre,0,-0.020633373,left,-0.10857446184892125
EX02,adult,244.4341801,8.066327945,0.0,Centre,0,-0.027696345,left,-0.14574038350556592
EX02,adult,245.4318707,8.099251732,0.0,Centre,0,-0.021511951,left,-0.11319760985709106
EX02,adult,246.4295612,8.13217552,0.0,Centre,0,-0.026730416,left,-0.14065758961448083
EX02,adult,247.4272517,8.165099307,0.0,Centre,0,-0.016271383,left,-0.08562131703051509
EX02,adult,248.4249423,8.198023095,0.0,Right,1,-0.008506403,left,-0.04476137482420231
EX02,adult,249.4226328,8.230946882,0.022727273,Right,1,-0.021339644,left,-0.1122909128746012
EX02,adult,250.4203233,8.26387067,0.045454545,Right,1,-0.0063300678,left,-0.033309323036962366
EX02,adult,251.4180139,8.296794457,0.068181818,Right,1,-0.0014351775,left,-0.007552018930047573
EX02,adult,252.4157044,8.329718245,0.090909091,Right,1,-0.0027012443,left,-0.014214163734614173
EX02,adult,253.4133949,8.362642032,0.113636364,Right,1,-0.00076432724,left,-0.00402195109503457
EX02,adult,254.4110855,8.39556582,0.136363636,Right,1,0.004028031,right,0.022074942872444225
EX02,adult,255.408776,8.428489607,0.159090909,Right,1,0.008445417,right,0.0462836761041122
EX02,adult,256.4064665,8.461413395,0.181818182,Right,1,0.013292636,right,0.072848040579143
EX02,adult,257.404157,8.494337182,0.204545455,Right,1,0.027982367,right,0.1533526272387583
EX02,adult,258.4018476,8.52726097,0.227272727,Right,1,0.020151075,right,0.1104345556912618
EX02,adult,259.3995381,8.560184758,0.25,Right,1,0.013283848,right,0.07279987965280688
EX02,adult,260.3972286,8.593108545,0.25,Right,1,0.013194633,right,0.07231095131691857
EX02,adult,261.3949192,8.626032333,0.272727273,Right,1,0.024951424,right,0.13674205848986282
EX02,adult,262.3926097,8.65895612,0.295454545,Right,1,0.012333898,right,0.06759383969691812
EX02,adult,263.3903002,8.691879908,0.318181818,Right,1,0.030792536,right,0.16875328286433017
EX02,adult,264.3879908,8.724803695,0.340909091,Right,1,0.03248364,right,0.17802109673147573
EX02,adult,265.3856813,8.757727483,0.363636364,Right,1,0.05848542,right,0.32051943733338645
EX02,adult,266.3833718,8.79065127,0.386363636,Right,1,0.059587695,right,0.32656027518569414
EX02,adult,267.3810624,8.823575058,0.409090909,Right,1,0.054262973,right,0.29737904114882613
EX02,adult,268.3787529,8.856498845,0.431818182,Right,1,0.050639477,right,0.277521080562144
EX02,adult,269.3764434,8.889422633,0.454545455,Right,1,0.06444477,right,0.35317867013615883
EX02,adult,270.3741339,8.92234642,0.477272727,Right,1,0.08031508,right,0.4401532199345975
EX02,adult,271.3718245,8.955270208,0.5,Right,1,0.081692465,right,0.447701725480025
EX02,adult,272.369515,8.988193995,0.522727273,Right,1,0.09009901,right,0.4937723573677112
EX02,adult,273.3672055,9.021117783,0.545454545,Right,1,0.08812614,right,0.48296038252392487
EX02,adult,274.3648961,9.05404157,0.568181818,Right,1,0.10269895,right,0.5628242236842492
EX02,adult,275.3625866,9.086965358,0.590909091,Right,1,0.0905576,right,0.4962855860043491
EX02,adult,276.3602771,9.119889145,0.613636364,Right,1,0.10254715,right,0.5619922788990873
EX02,adult,277.3579677,9.152812933,0.636363636,Right,1,0.09838863,right,0.5392022182363276
EX02,adult,278.3556582,9.185736721,0.636363636,Right,1,0.093693204,right,0.5134697475069013
EX02,adult,279.3533487,9.218660508,0.659090909,Right,1,0.10269443,right,0.5627994388751895
EX02,adult,280.3510393,9.251584296,0.681818182,Right,1,0.09992554,right,0.5476250109837127
EX02,adult,281.3487298,9.284508083,0.704545455,Right,1,0.09447671,right,0.5177636033894839
EX02,adult,282.3464203,9.317431871,0.727272727,Right,1,0.09999052,right,0.5479811037675849
EX02,adult,283.3441109,9.350355658,0.75,Right,1,0.09374807,right,0.5137704317472906
EX02,adult,284.3418014,9.383279446,0.772727273,Right,1,0.09741497,right,0.5338662570871487
EX02,adult,285.3394919,9.416203233,0.795454545,Right,1,0.122676395,right,0.6723072182836924
EX02,adult,286.3371824,9.449127021,0.818181818,Right,1,0.11969125,right,0.6559476518700403
EX02,adult,287.334873,9.482050808,0.840909091,Right,1,0.12101991,right,0.6632291184512982
EX02,adult,288.3325635,9.514974596,0.863636364,Right,1,0.11636523,right,0.6377199559932853
EX02,adult,289.330254,9.547898383,0.886363636,Right,1,0.12669429,right,0.6943266224617825
EX02,adult,290.3279446,9.580822171,0.909090909,Right,1,0.12467323,right,0.683250548532331
EX02,adult,291.3256351,9.613745958,0.931818182,Right,1,0.123754434,right,0.6782152307918955
EX02,adult,292.3233256,9.646669746,0.954545455,Right,1,0.12703171,right,0.696175806041189
EX02,adult,293.3210162,9.679593533,0.977272727,Right,1,0.13089225,right,0.7173328050262776
EX02,adult,294.3187067,9.712517321,1.0,Right,1,0.13245818,right,0.7259146370344335
EX02,adult,295.3163972,9.745441109,1.0,Right,1,0.115831,right,0.6347922044874958
EX02,adult,296.3140878,9.778364896,1.0,Right,1,0.12178449,right,0.6674193027849469
EX02,adult,297.3117783,9.811288684,1.0,Right,1,0.120043054,right,0.6578756405260292
EX02,adult,298.3094688,9.844212471,1.0,Right,1,0.12683518,right,0.6950987488857043
EX02,adult,299.3071594,9.877136259,1.0,Right,1,0.12696621,right,0.695816814210458
EX02,adult,300.3048499,9.910060046,1.0,Right,1,0.15933028,right,0.8731826242727475
EX02,adult,301.3025404,9.942983834,1.0,Right,1,0.12685463,right,0.6952053194814969
EX02,adult,302.3002309,9.975907621,1.0,Right,1,0.12530068,right,0.6866891447599442
EX02,adult,303.2979215,10.00883141,1.0,Right,1,0.1285135,right,0.7042964854405783
EX02,adult,304.295612,10.0417552,1.0,Right,1,0.1283111,right,0.7031872529481265
EX02,adult,305.2933025,10.07467898,1.0,Right,1,0.13269946,right,0.7272369290551786
EX02,adult,306.2909931,10.10760277,1.0,Right,1,0.12801176,right,0.7015468007425479
EX02,adult,307.2886836,10.14052656,1.0,Right,1,0.12967065,right,0.7106380483649213
EX02,adult,308.2863741,10.17345035,1.0,Right,1,0.13301106,right,0.7289445901499044
EX02,adult,309.2840647,10.20637413,1.0,Right,1,0.13609074,right,0.7458222693183499
EX02,adult,310.2817552,10.23929792,1.0,Right,1,0.17726587,right,0.9714755838190394
EX02,adult,311.2794457,10.27222171,1.0,Right,1,0.17046043,right,0.9341795501397913
EX02,adult,312.2771363,10.3051455,1.0,Right,1,0.17288123,right,0.9474463235349361
EX02,adult,313.2748268,10.33806928,1.0,Right,1,0.17478007,right,0.9578525951450846
EX02,adult,314.2725173,10.37099307,1.0,Right,1,0.17408232,right,0.9540287115067825
EX02,adult,315.2702079,10.40391686,1.0,Right,1,0.15069097,right,0.8258363709355772
EX02,adult,316.2678984,10.43684065,1.0,Right,1,0.15332884,right,0.8402927335023002
EX02,adult,317.2655889,10.46976443,1.0,Right,1,0.15103532,right,0.8277235279456684
EX02,adult,318.2632794,10.50268822,1.0,Right,1,0.14659956,right,0.8034140809074164
EX02,adult,319.26097,10.53561201,1.0,Right,1,0.14587305,right,0.7994325871159498
EX02,adult,320.2586605,10.5685358,1.0,Right,1,0.14164555,right,0.7762644662438251
EX02,adult,321.256351,10.60145958,1.0,Right,1,0.1394559,right,0.7642644538310047
EX02,adult,322.2540416,10.63438337,1.0,Right,1,0.17033525,right,0.9334934968254212
EX02,adult,323.2517321,10.66730716,1.0,Right,1,0.17061223,right,0.9350114540933072
EX02,adult,324.2494226,10.70023095,1.0,Right,1,0.17293103,right,0.947719242256115
EX02,adult,325.2471132,10.73315473,1.0,Right,1,0.17859639,right,0.9787672991434174
EX02,adult,326.2448037,10.76607852,1.0,Right,1,0.13894963,right,0.7614899434922686
EX02,adult,327.2424942,10.79900231,1.0,Right,1,0.18247074,right,1.0
EX02,adult,328.2401848,10.8319261,1.0,Right,1,0.13531815,right,0.7415881909653613
EX02,adult,329.2378753,10.86484988,1.0,Right,1,0.17612922,right,0.9652463895842065
EX02,adult,330.2355658,10.89777367,1.0,Centre,0,0.1696849,right,0.929929384118319
EX02,adult,331.2332564,10.93069746,1.0,Centre,0,0.15982029,right,0.8758680399601353
EX02,adult,332.2309469,10.96362125,1.0,Centre,0,0.15871562,right,0.8698140951494945
EX02,adult,333.2286374,10.99654503,1.0,Centre,0,0.15518667,right,0.8504742677334288
EX02,adult,334.2263279,11.02946882,0.977272727,Centre,0,0.14862889,right,0.814535477963814
EX02,adult,335.2240185,11.06239261,0.954545455,Centre,0,0.13764761,right,0.7543544500450945
EX02,adult,336.221709,11.0953164,0.931818182,Centre,0,0.1379829,right,0.7561919557737744
EX02,adult,337.2193995,11.12824018,0.909090909,Centre,0,0.13074736,right,0.7165387928401545
EX02,adult,338.2170901,11.16116397,0.886363636,Centre,0,0.10651872,right,0.5837578327346326
EX02,adult,339.2147806,11.19408776,0.886363636,Centre,0,0.12766209,right,0.6996304899372858
EX02,adult,340.2124711,11.22701155,0.863636364,Centre,0,0.121490754,right,0.6658095151454374
EX02,adult,341.2101617,11.25993533,0.840909091,Centre,0,0.11576123,right,0.6344098161236656
EX02,adult,342.2078522,11.29285912,0.818181818,Centre,0,0.10384517,right,0.5691058865840605
EX02,adult,343.2055427,11.32578291,0.795454545,Centre,0,0.103648104,right,0.5680258895500712
EX02,adult,344.2032333,11.3587067,0.772727273,Centre,0,0.102160186,right,0.5598716057061082
EX02,adult,345.2009238,11.39163048,0.75,Centre,0,0.100810245,right,0.5524734831125212
EX02,adult,346.1986143,11.42455427,0.727272727,Centre,0,0.09532146,right,0.52239313623299
EX02,adult,347.1963048,11.45747806,0.704545455,Centre,0,0.09445913,right,0.5176672815368117
EX02,adult,348.1939954,11.49040185,0.681818182,Centre,0,0.09212913,right,0.5048981234102199
EX02,adult,349.1916859,11.52332564,0.659090909,Centre,0,0.09398029,right,0.5150430724866244
EX02,adult,350.1893764,11.55624942,0.636363636,Centre,0,0.08651812,right,0.474147892548094
EX02,adult,351.187067,11.58917321,0.613636364,Centre,0,0.08039125,right,0.4405706418506078
EX02,adult,352.1847575,11.622097,0.590909091,Centre,0,0.07809294,right,0.4279751407140181
EX02,adult,353.182448,11.65502079,0.568181818,Centre,0,0.09289639,right,0.5091029254731
EX02,adult,354.1801386,11.68794457,0.545454545,Centre,0,0.08741933,right,0.47908684760421133
EX02,adult,355.1778291,11.72086836,0.522727273,Centre,0,0.03939561,right,0.21590098211541245
EX02,adult,356.1755196,11.75379215,0.5,Centre,0,0.04187528,right,0.22949038676061648
EX02,adult,357.1732102,11.78671594,0.5,Centre,0,0.030362701,right,0.16639764396503373
EX02,adult,358.1709007,11.81963972,0.477272727,Centre,0,0.022617962,right,0.12395391364792864
EX02,adult,359.1685912,11.85256351,0.454545455,Centre,0,0.023103189,right,0.12661311541865014
EX02,adult,360.1662818,11.8854873,0.431818182,Centre,0,0.015063106,right,0.08255080334630037
EX02,adult,361.1639723,11.91841109,0.409090909,Centre,0,0.020653613,right,0.11318862979122617
EX02,adult,362.1616628,11.95133487,0.386363636,Centre,0,0.01650947,right,0.09047735378922574
EX02,adult,363.1593533,11.98425866,0.363636364,Centre,0,0.00954477,right,0.05230849774331659
EX02,adult,364.1570439,12.01718245,0.340909091,Centre,0,0.007025153,right,0.0385001614687437
EX02,adult,365.1547344,12.05010624,0.318181818,Centre,0,0.010024139,right,0.054935595632451165
EX02,adult,366.1524249,12.08303002,0.295454545,Centre,0,0.012701148,right,0.06960649277067543
EX02,adult,367.1501155,12.11595381,0.272727273,Centre,0,0.0046323026,right,0.025386550129338322
EX02,adult,368.147806,12.1488776,0.25,Centre,0,0.0045587993,right,0.024983728078714268
EX02,adult,369.1454965,12.18180139,0.227272727,Centre,0,0.0037561224,right,0.02058479323140339
EX02,adult,370.1431871,12.21472517,0.204545455,Centre,0,-0.008762066,left,-0.046106693712746886
EX02,adult,371.1408776,12.24764896,0.181818182,Centre,0,-0.010335995,left,-0.05438883211053833
EX02,adult,372.1385681,12.28057275,0.159090909,Centre,0,-0.015131016,left,-0.07962061826997507
EX02,adult,373.1362587,12.31349654,0.136363636,Centre,0,-0.01806582,left,-0.09506378782394763
EX02,adult,374.1339492,12.34642032,0.113636364,Centre,0,-0.019713253,left,-0.10373271348834058
EX02,adult,375.1316397,12.37934411,0.113636364,Centre,0,-0.0096230665,left,-0.050637346024118
EX02,adult,376.1293303,12.4122679,0.090909091,Centre,0,-0.009812417,left,-0.051633725705104
EX02,adult,377.1270208,12.44519169,0.068181818,Centre,0,-0.012850818,left,-0.0676220337471976
EX02,adult,378.1247113,12.47811547,0.045454545,Centre,0,-0.02802045,left,-0.14744585438932806
EX02,adult,379.1224018,12.51103926,0.0,Centre,0,-0.024691232,left,-0.12992723606509252
EX02,adult,380.1200924,12.54396305,0.0,Centre,0,-0.022522619,left,-0.11851582328207547
EX02,adult,381.1177829,12.57688684,0.0,Centre,0,-0.02251543,left,-0.11847798992511425
EX02,adult,382.1154734,12.60981062,0.0,Centre,0,-0.0172714,left,-0.09088348611998028
EX02,adult,383.113164,12.64273441,0.0,Centre,0,-0.024417194,left,-0.12848522648576494
EX02,adult,384.1108545,12.6756582,0.0,Centre,0,-0.018837605,left,-0.09912498306320186
EX02,adult,385.108545,12.70858199,0.0,Centre,0,-0.024620393,left,-0.12955447948514642
EX02,adult,386.1062356,12.74150577,0.0,Centre,0,-0.026474752,left,-0.13931226092454846
EX02,adult,387.1039261,12.77442956,0.0,Centre,0,-0.02761565,left,-0.1453157579813093
EX02,adult,388.1016166,12.80735335,0.0,Centre,0,-0.013660152,left,-0.07188081516338991
EX02,adult,389.0993072,12.84027714,0.0,Centre,0,-0.012152537,left,-0.06394762087385096
EX02,adult,390.0969977,12.87320092,0.0,Centre,0,-0.014581872,left,-0.07673097801540872
EX02,adult,391.0946882,12.90612471,0.0,Centre,0,-0.013951236,left,-0.07341252214329536
EX02,adult,392.0923788,12.9390485,0.0,Centre,0,-0.006194513,left,-0.03259602213812022
EX02,adult,393.0900693,12.97197229,0.0,Centre,0,-0.013059876,left,-0.06872211211125344
EX02,adult,394.0877598,13.00489607,0.0,Centre,0,-0.008535698,left,-0.04491552615104362
EX02,adult,395.0854503,13.03781986,0.0,Centre,0,-0.0050325757,left,-0.0264818159556557
EX02,adult,396.0831409,13.07074365,0.0,Centre,0,-0.009079249,left,-0.047775732838005174
EX02,adult,397.0808314,13.10366744,0.0,Centre,0,-0.011475562,left,-0.060385326075706236
EX02,adult,398.0785219,13.13659122,0.0,Centre,0,-0.0068126325,left,-0.03584861758481886
EX02,adult,399.0762125,13.16951501,0.0,Centre,0,-0.009916014,left,-0.052178859292531125
EX02,adult,400.073903,13.2024388,0.0,Centre,0,-0.016576048,left,-0.08722449082966474
EX02,adult,401.0715935,13.23536259,0.0,Centre,0,-0.009792976,left,-0.05153142371979761
EX02,adult,402.0692841,13.26828637,0.0,Centre,0,-0.009532253,left,-0.050159479361256885
EX02,adult,403.0669746,13.30121016,0.0,Centre,0,-0.0073228944,left,-0.03853365631911939
EX02,adult,404.0646651,13.33413395,0.0,Centre,0,-0.008215319,left,-0.043229667844296875
EX02,adult,405.0623557,13.36705774,0.0,Centre,0,-0.0055287224,left,-0.02909257977310336
EX02,adult,406.0600462,13.39998152,0.0,Centre,0,-0.011580223,left,-0.060936061156268935
EX02,adult,407.0577367,13.43290531,0.0,Centre,0,-0.008301074,left,-0.04368091393785575
EX02,adult,408.0554273,13.4658291,0.0,Centre,0,-0.010688864,left,-0.05624565602492093
EX02,adult,409.0531178,13.49875289,0.0,Centre,0,-0.014421018,left,-0.07588454976658583
EX02,adult,410.0508083,13.53167667,0.0,Centre,0,-0.006204899,left,-0.03265067467656988
EX02,adult,411.0484988,13.56460046,0.0,Centre,0,-0.014638065,left,-0.07702667118366892
EX02,adult,412.0461894,13.59752425,0.0,Centre,0,-0.009768476,left,-0.051402501165188984
EX02,adult,413.0438799,13.63044804,0.0,Centre,0,-0.023283752,left,-0.12252096438442266
EX02,adult,414.0415704,13.66337182,0.0,Centre,0,-0.0180818,left,-0.0951478739300021
EX02,adult,415.039261,13.69629561,0.0,Centre,0,-0.025984198,left,-0.13673092822435862
EX02,adult,416.0369515,13.7292194,0.0,Centre,0,-0.02280971,left,-0.12002652098720205
EX02,adult,417.034642,13.76214319,0.0,Centre,0,-0.032013062,left,-0.1684552957917702
EX02,adult,418.0323326,13.79506697,0.0,Centre,0,-0.02422305,left,-0.12746362783393406
EX02,adult,419.0300231,13.82799076,0.0,Centre,0,-0.0210435,left,-0.11073258042469962
EX02,adult,420.0277136,13.86091455,0.0,Centre,0,-0.025930403,left,-0.13644785434290868
EX02,adult,421.0254042,13.89383834,0.0,Centre,0,-0.030923827,left,-0.16272365002741251
EX02,adult,422.0230947,13.92676212,0.0,Centre,0,-0.035374768,left,-0.186144860120866
EX02,adult,423.0207852,13.95968591,0.0,Centre,0,-0.013986923,left,-0.07360030693241966
EX02,adult,424.0184758,13.9926097,0.0,Centre,0,-0.01370516,left,-0.07211764609713442
EX02,adult,425.0161663,14.02553349,0.0,Centre,0,-0.03078774,left,-0.16200755083234952
EX02,adult,426.0138568,14.05845727,0.0,Centre,0,-0.026746128,left,-0.14074026432069012
EX02,adult,427.0115473,14.09138106,0.0,Centre,0,-0.01738112,left,-0.09146084667053914
EX02,adult,428.0092379,14.12430485,0.0,Centre,0,-0.011530424,left,-0.060674011251679566
EX02,adult,429.0069284,14.15722864,0.0,Centre,0,-0.010305901,left,-0.0542304759883249
EX02,adult,430.0046189,14.19015242,0.0,Centre,0,-0.008830509,left,-0.04646684570796444
EX02,adult,431.0023095,14.22307621,0.0,Centre,0,-0.0089420965,left,-0.0470540272491127
EX02,adult,432.0,14.256,0.0,,0,-0.0074453996,left,-0.039178288694938154
